last_name,first_name,player_id,year,strikeout,walk,k_percent,batting_avg,p_era,exit_velocity_avg,launch_angle_avg,barrel_batted_rate,hard_hit_percent,avg_best_speed,avg_hyper_speed,whiff_percent,f_strike_percent,ff_avg_speed,fastball_avg_speed,fastball_avg_spin,breaking_avg_spin,offspeed_avg_spin
Colon, Bartolo,,2015,136,24,16.7,0.281,4.16,88.9,11.8,5.4,34.7,79.319844363,5.303190654,14.4,66.6,90.9,88.9,2161,2164,1727
Burnett, A.J.,,2015,143,49,20.5,0.275,3.18,89.8,5.6,4.8,38.7,79.730745252,6.17832792,21.1,60.8,91.7,91.6,2009,2023,1678
Hudson, Tim,,2015,64,37,12.2,0.282,4.44,90.3,4.5,4.8,34.1,80.680145132,6.146908571,18.6,63.4,88.5,87,2054,2260,1369
Buehrle, Mark,,2015,91,33,11,0.279,3.81,87,11.7,4.9,33,76.008295164,5.075436936,11.7,61.5,84.5,82.9,1996,2137,1625
Sabathia, CC,,2015,137,50,18.9,0.285,4.73,87.8,10.7,4.1,31.1,77.839901853,4.926783733,21.4,62.5,90.8,90.2,2075,1823,1950
Vogelsong, Ryan,,2015,108,58,18.1,0.265,4.67,88.7,12.3,8.2,36.1,77.93538087,5.8665554,16.9,60,91.6,91.6,2054,1923,1759
Lohse, Kyle,,2015,108,43,16.2,0.297,5.85,88.1,13.4,7.5,32,77.865378631,5.23438896,21.9,64.2,89.8,89.9,2141,2142,1519
Lackey, John,,2015,175,53,19.5,0.256,2.77,88.3,11.6,5.6,32.5,78.302827175,5.220840763,20.1,70.8,92.2,90.3,2137,2082,1956
De La Rosa, Jorge,,2015,134,65,21.1,0.247,4.17,86.6,6.1,4.6,31.3,74.956563147,5.148998223,26.3,58.5,92.1,90.1,1880,2403,1371
Lewis, Colby,,2015,142,42,16.5,0.266,4.66,89.4,18.2,6.8,35.1,80.101462086,5.402320123,19.6,62.9,88.6,88.5,2272,2078,1961
Harang, Aaron,,2015,108,51,14.4,0.278,4.86,90.2,16.6,7,37,81.243384179,5.787132571,16.9,62.3,89.6,89.8,2301,2005,1640
Guthrie, Jeremy,,2015,84,44,12.7,0.310,5.95,89,15.5,6.5,34.9,79.10849498,5.525466955,15.4,63.3,92.6,91.8,2162,2074,1590
Williams, Jerome,,2015,74,34,13.4,0.317,5.80,88.9,9.1,6.6,37,78.21888717,5.922643561,19.7,61.8,90.8,89.6,2075,2117,1644
Greinke, Zack,,2015,200,40,23.7,0.187,1.66,87.3,9.8,4,27.8,77.378314772,4.576581107,26.8,64.1,92.4,92.3,2367,2371,1741
Haren, Dan,,2015,132,38,17.2,0.245,3.60,88.2,20.8,6.4,33.7,78.460799683,5.023868765,15.4,63.7,86.6,85.2,2162,2212,1383
Simon, Alfredo,,2015,117,68,14.3,0.276,5.05,89.7,12.6,6.1,39.1,79.565210507,6.153379882,18.6,55.9,93.5,92.7,2120,2169,1566
Hamels, Cole,,2015,215,62,24.4,0.237,3.65,87.7,9.7,4.4,33.4,77.063607526,5.214380941,28.1,60.8,92.9,92.3,2082,2235,1722
Kazmir, Scott,,2015,155,59,20.3,0.237,3.10,87.4,12.5,5.2,34.3,76.907047099,5.018461584,23.1,60.9,92.5,91.1,2189,1869,1388
Danks, John,,2015,124,56,16.1,0.281,4.71,87.3,16,5.1,30.4,76.769793345,4.916730432,19.9,62.6,90,89.2,2345,1783,1786
Hernandez, Felix,,2015,191,58,23.2,0.240,3.53,88.7,5.5,4.2,34.6,78.866245772,5.348857077,24.6,63.5,92.6,92.2,1923,2356,1779
Verlander, Justin,,2015,113,32,21.1,0.229,3.38,87.1,20.1,4.1,27.6,77.614432565,4.277086063,22.5,63.9,93.4,93.4,2491,2394,2046
Liriano, Francisco,,2015,205,70,26.5,0.223,3.38,85.8,6.5,4.3,28.2,74.971629958,4.380109645,32.9,57.6,92.7,93,2027,2055,1784
Jimenez, Ubaldo,,2015,168,68,21.2,0.257,4.11,87.8,10,4.2,31.8,77.809462528,4.86969483,21.2,60.6,91.3,91,2060,2282,1440
Hammel, Jason,,2015,172,40,24.2,0.242,3.74,88.8,13.3,7.1,36.4,78.569691213,5.540558954,24.7,61,92.8,92.8,2147,2072,1715
Sanchez, Anibal,,2015,138,49,20.9,0.252,4.99,87.6,14.7,6.1,31.1,77.301990348,4.957795348,23,65.5,92.4,92.3,2373,2221,1625
Chavez, Jesse,,2015,136,48,20.2,0.268,4.18,88.5,12.5,5.3,34.2,78.004804043,5.549511198,21.9,60.7,91.9,91.2,2334,2405,1795
Kluber, Corey,,2015,245,45,27.7,0.231,3.49,87.9,11.5,5.6,32.1,77.765719929,5.146480906,26.9,63.5,93.2,93.4,2253,2438,1743
Shields, James,,2015,216,81,25.1,0.248,3.91,89.1,10.9,5.6,37.7,79.058752444,5.754663803,28.5,60.6,91.7,90,2258,2442,1737
Garcia, Jaime,,2015,97,30,19,0.225,2.43,87.4,1.9,3.7,30.5,76.664589278,5.122451167,20.1,58.8,90.6,90.8,2250,2352,2033
Volquez, Edinson,,2015,155,72,18.2,0.251,3.55,88.5,10.3,5.9,33.5,78.44127096,5.321047164,22.3,58.1,94.4,94.3,2308,2631,1281
Morton, Charlie,,2015,96,41,17.1,0.271,4.81,89.2,4.1,4.3,37.2,78.6533073,5.923781375,18.5,61.8,92.8,92.5,1961,2973,2038
Weaver, Jered,,2015,90,33,13.5,0.264,4.64,86.9,18.8,6.2,28.5,76.385770833,4.747366103,20.1,60.8,84.1,83.8,2109,2086,1855
Wilson, C.J.,,2015,110,46,19.9,0.240,3.89,90.1,11.8,5.2,41.9,79.979090851,6.413775947,21.6,59.5,90.9,90.4,2137,2184,1748
Gallardo, Yovani,,2015,121,68,15.3,0.268,3.42,88.2,8.9,2.8,34.3,78.001390777,5.200094358,16.9,59.3,91.2,91.1,2085,2225,1889
Lester, Jon,,2015,207,47,25,0.240,3.34,87.1,9.5,4.4,28.4,76.763550147,4.74883356,24.2,61.3,92.6,91.2,2213,2360,1653
Kennedy, Ian,,2015,174,51,24.4,0.258,4.28,89.5,14.7,8.3,39.8,79.265289476,6.03931779,24.9,61.7,91.9,91.9,2359,2264,1880
Scherzer, Max,,2015,276,34,30.7,0.208,2.79,87.1,17.1,5.8,29.8,76.531769821,4.79660595,30.7,71.3,94.8,94.7,2493,2209,1474
Arrieta, Jake,,2015,236,48,27.1,0.185,1.77,85.1,4.4,2.2,24.7,74.621439928,3.862529588,25,60.2,95.1,95.2,2273,2411,1944
Price, David,,2015,225,47,25.3,0.230,2.45,87.4,12.7,4.6,30.8,76.771431486,5.048346294,25.4,67,94.6,93.7,2216,2045,1975
Gonzalez, Miguel,,2015,109,51,17.5,0.270,4.91,89.1,14.1,5.7,34.8,79.405895045,5.476429795,19.9,62.1,91.7,91.7,2335,2370,1274
Cueto, Johnny,,2015,176,46,20.3,0.242,3.44,86.7,13.2,4.9,31.8,75.641304415,4.894103702,21.8,63,93.3,91.8,2264,2098,1558
Happ, J.A.,,2015,151,45,21.1,0.259,3.61,89.4,12.9,4.6,37.4,79.230778048,5.879585269,19.8,60.3,92.6,92.4,2339,2166,1829
Lynn, Lance,,2015,167,68,22.2,0.258,3.03,88.9,11.9,4.9,30.9,79.057149957,5.430351151,21,56.5,92.8,92.4,2349,2201,1903
Pelfrey, Mike,,2015,86,45,12,0.304,4.26,88.3,7,4.6,37.1,77.623296223,5.637482703,13.9,57.8,93.6,93.9,1909,1852,784
Gonzalez, Gio,,2015,169,69,22.3,0.269,3.79,88.1,6.4,4.8,34.1,77.611293427,5.365742762,23.1,59.9,92.8,92.6,2204,2814,1672
Hughes, Phil,,2015,94,16,14.4,0.293,4.40,89.8,15.7,7.6,40.6,79.80834891,6.020705808,12.4,71.7,91.3,90.6,2116,2363,1598
Estrada, Marco,,2015,131,55,18.1,0.203,3.13,87.8,20.4,5.3,30.8,78.214969847,4.751640515,21.8,57.9,89.8,89.7,2352,2580,2091
Carrasco, Carlos,,2015,216,43,29.6,0.228,3.63,88.7,6.9,4.5,34.1,78.885063423,5.372458397,28.5,67.3,95.3,95.2,2231,2284,1734
Anderson, Brett,,2015,116,46,15.5,0.278,3.69,88.3,-2.1,4.1,32.9,78.461492226,5.051265707,17.3,58.5,91.5,91.2,1806,2288,1544
Ross, Tyson,,2015,212,84,25.8,0.237,3.26,87.4,1.9,3.3,32.8,77.537817165,4.672191791,30,57.7,93.6,93.5,2469,2427,2233
Hellickson, Jeremy,,2015,121,43,19,0.264,4.62,90.1,11.8,8.2,36.7,79.889054521,6.185456119,23.1,62.9,90.7,90.6,2130,2777,1855
Warren, Adam,,2015,104,39,19.5,0.236,3.29,87.5,10.8,3.1,30.2,77.336654947,4.845859388,20.7,59.9,93.4,93.1,2142,2149,1773
Niese, Jonathon,,2015,113,55,14.7,0.280,4.13,88.4,5.2,4.4,32.5,78.239220284,5.410442487,14.4,62.3,89.6,89.1,2017,2163,1347
Kershaw, Clayton,,2015,301,42,33.8,0.194,2.13,85.6,8.8,3.3,24.4,75.253223876,4.038684524,32.5,68.3,94.3,94.3,2215,2185,2036
Cashner, Andrew,,2015,165,66,20.5,0.279,4.34,88.8,9.2,5.1,34.6,78.766129007,5.562191363,19.6,61.8,95.5,95.4,2176,2033,1639
Miley, Wade,,2015,147,64,17.7,0.265,4.46,87.4,7.9,4.5,31.5,76.891431457,5.016582255,20.9,61.4,91.4,91.4,2175,2178,1956
Garza, Matt,,2015,104,57,15.6,0.294,5.63,88,11.3,4.8,32,77.855966639,5.17064499,17.2,61.7,93.3,93.3,1965,1972,1596
Quintana, Jose,,2015,177,44,20.5,0.272,3.36,88,9.7,4.3,32.9,77.662764887,5.199397267,21.7,69.3,91.9,92,2075,2040,1342
Pineda, Michael,,2015,156,21,23.4,0.278,4.37,87.9,8.1,5.7,34.2,77.499435588,5.150699895,25.7,63.9,93.4,93.4,2110,1858,1856
Tillman, Chris,,2015,120,64,16.2,0.267,4.99,89.6,12.9,5.1,32.3,80.548342156,5.455534469,18.3,58,92.1,92,2260,2113,1593
Karns, Nate,,2015,145,56,23.3,0.239,3.67,88.9,13.6,7,37.3,78.087080547,6.062930448,22.5,57.6,92.2,92.2,2366,2310,1524
Archer, Chris,,2015,252,66,29,0.220,3.23,89.6,10.9,4.6,39.1,79.487533755,5.998146933,29.7,64.1,95.8,95.8,2187,1935,1914
Gibson, Kyle,,2015,145,65,17.7,0.252,3.84,88.3,6.2,5,34.4,77.676319761,5.527102718,22.7,60.8,92.6,92.3,2147,2152,1695
Locke, Jeff,,2015,129,60,17.5,0.274,4.49,87.4,6.1,3.5,30,76.969609693,4.973761382,21.7,62.5,92,91.9,2000,1750,1373
Samardzija, Jeff,,2015,163,49,17.9,0.273,4.96,88.1,14.5,5.1,31.8,78.064710741,5.073936491,21.4,62.6,94.5,94.1,2461,2147,1326
Leake, Mike,,2015,119,49,15.3,0.243,3.70,88.8,6.9,5.3,35.9,78.160870874,5.826761259,14.5,61.3,90.9,91.1,2108,2468,1683
Anderson, Chase,,2015,111,40,17.3,0.272,4.30,88.4,13.2,5.2,31.1,78.908348884,4.955678559,19.3,61.6,92.2,92.1,2092,2081,2258
Salazar, Danny,,2015,195,53,25.8,0.226,3.45,89.6,11.4,6.4,37.5,79.648272731,5.976816861,25.6,59.2,95.6,95.5,2335,2008,1274
Bettis, Chad,,2015,98,42,19.5,0.268,4.23,88.2,7.9,5.8,31.8,78.420381494,5.006613764,22.9,58.4,92.5,92.4,1970,2125,1553
Bumgarner, Madison,,2015,234,39,26.9,0.222,2.93,87.5,12.5,4.8,30.1,77.451582296,4.840258905,26.8,64.2,92.7,90.5,2263,2311,1615
Duffy, Danny,,2015,102,53,17.3,0.264,4.08,88.8,15.1,4.5,32.5,78.80855702,5.437062374,19.9,57,94.5,94.3,2229,2221,2282
Harvey, Matt,,2015,188,37,24.9,0.222,2.71,87.9,10.9,3.4,30.4,78.42124908,4.6701357,26.4,68.3,96.5,96.6,2333,2244,1947
Heston, Chris,,2015,141,64,18.9,0.253,3.95,88.5,5.9,4.9,36.6,77.84712888,5.609834208,22.5,56.6,90.2,89.5,2064,2199,1932
Nelson, Jimmy,,2015,148,65,19.7,0.246,4.11,87,7.3,4.8,28.9,76.297878178,4.82515002,22.3,60.8,94,94.1,2175,1990,2107
Porcello, Rick,,2015,149,38,20.2,0.287,4.92,88.9,9.2,5.6,36.5,78.506975189,5.767292235,20.9,60.7,92.1,91.6,2437,2593,1692
Zimmermann, Jordan,,2015,164,39,19.7,0.264,3.66,87.4,12.5,4.2,32.9,76.514312824,5.19115396,19.1,67.6,93.6,93.6,2328,2275,2164
Kelly, Joe,,2015,110,49,18.7,0.276,4.82,89.3,9,4.3,39.8,78.735338889,6.049734358,18.8,62.2,96.2,96.1,2077,2310,2049
De La Rosa, Rubby,,2015,150,63,18.5,0.265,4.67,88.5,9.4,6.1,32.8,78.727268997,5.193483692,24.5,57.6,95.1,94.8,2263,1905,2060
Teheran, Julio,,2015,171,73,20.3,0.253,4.04,89.1,13.9,5.1,36.6,79.00118689,5.651211572,25.8,57.3,92.1,91.8,2197,1941,1507
Shoemaker, Matt,,2015,116,35,20.4,0.259,4.46,87.7,14.5,6,34.5,76.879573614,5.35281901,21.2,60.6,90.9,90.8,2118,1762,1223
Ramirez, Erasmo,,2015,126,40,18.9,0.236,3.75,88.5,10.2,4.9,33.7,78.259464093,5.416894989,23.8,65.4,91.5,91.5,2219,2198,1677
Cole, Gerrit,,2015,202,44,24.3,0.239,2.60,88.2,8.7,4.3,34.7,77.828299751,5.342487456,22.8,61.7,96.3,96.3,2154,2160,1708
DeSclafani, Anthony,,2015,151,55,19.2,0.273,4.05,88.5,11.8,4.9,34.3,78.190501402,5.487995738,21.5,62.9,93.4,93.1,2070,2037,1630
Eovaldi, Nathan,,2015,121,49,18,0.285,4.20,88.5,5.6,5,34.8,78.156665163,5.489868982,21.2,59.7,97.4,97.4,2170,1841,1356
Gray, Sonny,,2015,169,59,20.3,0.217,2.73,88.9,7.7,4.5,34.6,78.922780842,5.538810404,22.5,59.2,93.7,93.6,2337,2423,1791
Hendricks, Kyle,,2015,167,43,22.6,0.244,3.95,88,7.2,3.5,29.2,78.196721633,4.92299988,20.3,63.2,90.9,88.8,2095,2472,2119
Koehler, Tom,,2015,137,77,17.1,0.255,4.08,89.7,11,5.7,37.1,79.895137143,5.912067321,18,58.6,92.6,92.7,2091,2292,1691
McHugh, Collin,,2015,171,53,19.9,0.263,3.89,86.1,12.1,3.5,29.2,75.458605392,4.362011699,23.5,62.2,91,89,2259,2545,1620
Milone, Tommy,,2015,91,36,16.8,0.260,3.92,87,14.2,5.3,29.2,76.225646548,4.906646514,19.9,63.9,88.2,88.1,2210,2422,1663
Odorizzi, Jake,,2015,150,46,21.4,0.231,3.35,88.5,14.8,6.2,33.9,78.238788099,5.388143017,23.2,60.6,91.9,90.9,2152,2051,1457
Rusin, Chris,,2015,86,41,14.5,0.310,5.33,88.1,6.9,5.6,34.5,77.431217699,5.398032129,18.8,67,90.5,89,2180,2281,1584
Strasburg, Stephen,,2015,155,26,29.6,0.236,3.46,88.5,12.4,4.4,33.3,78.566021779,5.235114387,25.6,65.8,96,96.1,2099,2533,1818
Bauer, Trevor,,2015,170,79,22.8,0.232,4.55,88.1,15.9,5.9,33.9,77.597691392,5.385749557,22.6,59.1,93.5,91.1,2204,2497,1645
Lorenzen, Michael,,2015,83,57,16.1,0.292,5.40,89,9.9,5.4,36,79.034154144,5.582942382,21,57.1,94.7,94.7,2319,2210,1851
Iwakuma, Hisashi,,2015,111,21,21.5,0.240,3.54,88.5,8.8,5.5,34.2,78.081391749,5.522509616,23.2,68.2,89.7,88.7,2089,2151,1541
Tanaka, Masahiro,,2015,139,27,22.9,0.221,3.51,89.3,9.9,7.7,36.7,78.997446244,5.878150729,24.5,62.7,92.7,91.7,2148,2048,1570
Perez, Williams,,2015,73,51,14.2,0.291,4.78,90.1,7.4,5.5,39.9,80.333652193,6.129625121,15.1,56.6,89,91.2,1897,1841,1409
Ventura, Yordano,,2015,156,58,22.5,0.248,4.08,89.1,5.4,5.3,31.9,79.457668818,5.4825925,24.3,59.7,97.2,96.7,2155,2550,1425
Fiers, Mike,,2015,180,64,23.7,0.238,3.69,87.9,15.7,5.9,29.4,78.263366612,4.831843043,21.7,60.7,89.9,89.2,2184,2537,1792
Hutchison, Drew,,2015,129,44,19.4,0.297,5.57,88.5,12.8,6.3,34.8,77.697216222,5.699635244,21.3,65.1,93,93,2339,2207,1728
Miller, Shelby,,2015,171,73,19.9,0.238,3.02,87.2,10.3,3.6,27.7,77.148635104,4.609204132,21.1,60.7,94.8,93,2216,2178,1789
Richards, Garrett,,2015,176,76,20.3,0.236,3.65,87.3,5.3,4.9,31.6,76.569052939,5.016402889,25.8,60.2,96.4,96.2,2486,2782,2416
Keuchel, Dallas,,2015,216,51,23.7,0.217,2.48,85.7,1.1,3.3,28,74.698599397,4.432825698,25,61.3,89.5,89.6,2060,2022,1617
Ray, Robbie,,2015,119,49,21.8,0.255,3.52,89.7,12.3,5.4,35.8,79.683838023,6.015085609,21,60.7,94.1,93.9,2285,1914,1809
Syndergaard, Noah,,2015,166,31,27.5,0.225,3.24,86.2,11,5,28,75.656511173,4.37269798,27.7,64.3,97.7,97.7,2130,2033,1724
Walker, Taijuan,,2015,157,39,22.3,0.252,4.56,89.4,13.9,7.6,33.8,79.749700286,5.610758221,23.3,63,94.8,94.3,2130,1920,1486
Martinez, Carlos,,2015,184,63,24.4,0.250,3.01,87.2,5.8,4.6,33.6,76.67779789,4.909762474,24,63.3,96.4,96,2038,1897,1990
Rodriguez, Eduardo,,2015,98,37,18.8,0.255,3.85,87.5,11.7,5.2,31.4,77.120650538,4.961329003,19,57.2,94.7,94.6,2147,1954,1896
deGrom, Jacob,,2015,205,38,27.3,0.215,2.54,87.4,12,4,29.6,76.951999079,4.928566625,27,67.8,95.6,95.6,2231,2268,1739
Rodon, Carlos,,2015,139,71,22.9,0.251,3.75,89.1,8.7,4.9,38,78.784924348,5.847589049,25,52.9,94.2,94,2180,2125,1460
Martinez, Nick,,2015,77,46,13.8,0.274,3.96,88.8,10.8,5.5,35.5,78.599323592,5.606920973,17.3,60.4,90.3,90.3,2212,2273,2007
Wacha, Michael,,2015,153,58,20.1,0.236,3.38,87.6,10.4,4.8,33.4,76.822700873,5.257654841,21.3,63.4,94.8,93.9,2091,2046,1518
Graveman, Kendall,,2015,77,38,15.3,0.276,4.05,89.5,8.4,5.8,38.2,79.265555405,5.975080976,18.4,59.2,90.7,89.8,2091,2126,1596
Chen, Wei-Yin,,2015,153,41,19.3,0.262,3.34,87.2,15.1,5.9,31.9,76.509021965,5.006459332,19,68.4,92.2,92,2075,2110,1488
McCullers Jr., Lance,,2015,129,43,24.8,0.226,3.22,88.5,9.5,6.7,32.1,78.793357,5.212380354,24.5,57.1,95.1,95.1,2354,2686,1553
Despaigne, Odrisamer,,2015,69,33,12.6,0.287,5.80,87.2,6.6,5,30,76.709887206,4.813471867,14.5,58.4,91.5,91.5,2113,2558,1331
Colon, Bartolo,,2016,128,32,16.2,0.268,3.43,90,12.2,5.3,37.6,80.64008598,5.890421364,13.4,63.2,90.4,88.4,2148,2282,1683
Sabathia, CC,,2016,152,65,19.8,0.250,3.91,85.1,9.7,4.4,26.9,74.149818745,4.141573867,22.9,60.9,89,89.3,2104,2085,1957
Lackey, John,,2016,180,53,24.1,0.218,3.35,89.7,14.5,5.9,38.1,79.577643008,6.146629301,25.2,68,92.4,90,2244,2329,1871
De La Rosa, Jorge,,2016,108,63,17.6,0.293,5.51,88.9,10.1,6.4,38.6,78.133013649,5.932480665,24.4,55.2,90.8,89.3,1897,2570,1330
Peavy, Jake,,2016,102,36,19.6,0.282,5.54,89.8,18.4,9.2,36.8,80.214987473,5.86073168,22.8,64.4,89.5,87.8,2496,2567,1832
Wainwright, Adam,,2016,161,59,19,0.287,4.62,86.9,11.1,5.9,30.2,76.527704073,4.663444238,19.8,61.5,90.8,88.8,2241,2657,1583
Greinke, Zack,,2016,134,41,20.1,0.262,4.37,87.9,10.9,6.9,30.9,77.706972996,5.012835633,22.6,67.8,91.9,91.8,2349,2462,1726
Santana, Ervin,,2016,149,53,19.9,0.245,3.38,88.3,13.1,5.9,31.7,78.073854633,5.358087853,22.8,59,93.4,93.3,2243,2081,1456
Hamels, Cole,,2016,200,77,23.6,0.243,3.32,87.6,8,6,35.7,75.943485474,5.704193047,26.8,57.5,92.6,92,2071,2141,1623
Kazmir, Scott,,2016,134,52,22.7,0.253,4.56,85.9,13.9,5.3,31,74.522581451,4.655854286,23.3,59.8,91.7,91.3,2184,1964,1440
Hernandez, Felix,,2016,122,65,18.6,0.239,3.82,88.9,8.6,5.9,34.3,78.843843209,5.634039674,22.3,59.2,91.1,90.9,1971,2342,1786
Verlander, Justin,,2016,254,57,28.1,0.207,3.04,87.9,19.5,7.5,32.9,77.434162902,5.214610402,26.7,64.3,94.1,94.1,2558,2612,2057
Liriano, Francisco,,2016,168,85,23,0.252,4.69,88.4,6.4,6.4,33.3,78.13093163,5.357773598,27.9,55.5,93.1,93.3,2040,2231,1784
Jimenez, Ubaldo,,2016,125,72,19.6,0.268,5.44,88.5,10,5,32.3,78.801353803,5.088461174,21.4,57.8,90.7,90.5,2112,2514,1463
Hammel, Jason,,2016,144,53,20.8,0.239,3.83,90,12.4,7.2,37.2,80.270904768,5.989707505,23.5,59.8,92.6,92.7,2199,2319,1692
Sanchez, Anibal,,2016,135,53,20.2,0.285,5.87,88.6,16.3,6.1,35.2,78.454217112,5.401729287,21.6,66.6,91.7,91.7,2319,2284,1657
Nolasco, Ricky,,2016,144,44,17.6,0.267,4.42,88.7,11.6,6.4,35.9,78.558677785,5.551862007,20.7,61,91,91,2041,2302,1386
Kluber, Corey,,2016,227,57,26.4,0.216,3.14,86.7,12,6,30.4,75.860158029,4.779869048,28.1,62.6,92.9,93,2308,2622,1673
Shields, James,,2016,135,82,16.4,0.288,5.85,88.7,12.9,8.4,33.3,78.685923299,5.448150528,22.2,54.8,91.1,89.7,2276,2531,1766
Garcia, Jaime,,2016,150,57,20.2,0.268,4.67,88.7,4.5,5.7,35.3,78.07956375,5.764564168,21.1,60.1,91.1,91.1,2343,2806,2019
Volquez, Edinson,,2016,139,76,16.3,0.286,5.37,88.9,7.4,6.3,35.5,78.467344645,5.710160517,19.8,56.3,94,93.8,2308,2817,1200
Weaver, Jered,,2016,103,51,13.4,0.297,5.06,88.2,21.1,7.4,32.1,78.239708822,5.133951804,18.5,64.4,83.8,83.5,2213,2457,1850
Fister, Doug,,2016,115,62,14.8,0.276,4.64,87.5,10.7,4.5,35.7,76.519269522,5.25770971,15.6,59.6,87.5,86.8,1998,2060,1640
Gallardo, Yovani,,2016,85,61,16.2,0.276,5.42,89,13.3,5.3,35.7,79.09021973,5.510307425,17.5,54.3,90.8,90.7,2159,2314,1981
Lester, Jon,,2016,197,52,24.7,0.211,2.44,87.4,11.6,4.1,29.2,77.528217198,4.686430661,23.8,63.1,92.7,91.7,2283,2532,1744
Kennedy, Ian,,2016,184,66,22.5,0.236,3.68,89.3,19.3,7.7,38.7,79.045151148,5.924687625,23.3,62,92.7,92.8,2388,2308,1887
Scherzer, Max,,2016,284,56,31.5,0.199,2.96,87.2,19.4,6.1,29.5,76.600744771,4.906856711,32.2,65.2,95,94.8,2548,2379,1514
Buchholz, Clay,,2016,93,55,15.8,0.250,4.78,88.2,16.2,6.7,32.9,78.455515814,5.054127674,21.8,62.6,92.8,91.5,2302,2783,1617
Arrieta, Jake,,2016,190,76,23.9,0.194,3.10,86.7,6.5,4.8,29.6,76.361267362,4.51406872,25,59,94.2,94.4,2307,2581,2070
Price, David,,2016,228,50,24,0.258,3.99,87.8,11.5,6.3,33,76.790504264,5.434837926,24.8,64.9,93.6,92.1,2120,2203,1806
Gonzalez, Miguel,,2016,95,35,16.8,0.254,3.73,87.6,14.4,4,30.9,77.57521184,4.837656454,18.2,61,91.9,92.1,2363,2623,1330
Griffin, A.J.,,2016,107,46,21,0.256,5.07,89.2,21.1,8.6,38.7,78.867624497,5.952152908,22.8,57.2,88.2,88.2,2305,2481,1789
Cueto, Johnny,,2016,198,45,22.5,0.238,2.79,87.8,10.6,4.4,33.2,77.282585166,5.196412053,21.6,68.6,92.6,91.2,2280,2280,1573
Happ, J.A.,,2016,163,60,20.5,0.231,3.18,89.5,12.2,7.4,37.2,79.006846942,6.164660342,22.2,59.9,92.4,92.2,2348,2212,1934
Tomlin, Josh,,2016,118,20,16.3,0.269,4.40,87.9,10.7,7.2,32.2,77.349528786,5.261151109,16.8,67.7,88.4,87.2,2508,2753,1735
Pelfrey, Mike,,2016,56,46,10.4,0.332,5.07,89,7.5,5.5,39.3,78.236595849,5.969928463,16.4,58.4,92.9,93.4,1961,1934,920
Gonzalez, Gio,,2016,171,59,22.4,0.262,4.57,88.7,9.1,5.9,33.8,78.905913695,5.393239034,23,57.6,91.6,91.4,2226,2842,1708
Estrada, Marco,,2016,165,65,22.8,0.203,3.48,88.1,21.3,7.4,31.5,77.811059017,5.240246859,26.1,58.9,88.5,88.3,2413,2687,2142
Nova, Ivan,,2016,127,28,18.6,0.275,4.17,90.7,5.2,6.7,41,80.616567347,6.698374816,20.3,61.7,93.4,93.2,2171,2282,2006
Chacin, Jhoulys,,2016,119,55,18.8,0.272,4.81,88.9,9.1,4.4,36.2,78.600703241,5.682301319,19.5,61.7,91.4,91,2151,2442,1580
Carrasco, Carlos,,2016,150,34,25,0.240,3.32,89.5,8.4,5.1,37.9,79.700303756,5.83353198,27,61.8,94.5,94.5,2307,2523,1731
Hellickson, Jeremy,,2016,154,45,19.9,0.243,3.71,87.6,14.7,6.9,28.4,77.188686877,5.001822156,23.9,60.9,90.7,90.6,2091,2736,1791
Niese, Jonathon,,2016,88,47,16.1,0.297,5.50,89.4,7.5,6.4,35.8,79.290416615,5.82981526,17.4,62.6,89.9,88.8,2101,2348,1371
Kershaw, Clayton,,2016,172,11,31.6,0.184,1.69,86.9,9.4,4.5,27.3,77.128945852,4.355949715,31,69.7,93.6,93.6,2293,2385,2164
Cashner, Andrew,,2016,112,60,19.1,0.279,5.25,90.8,10.9,7.8,40.7,81.433778154,6.46057162,18.4,55.7,94.2,94.1,2179,2181,1603
Miley, Wade,,2016,137,49,19.3,0.288,5.37,89,9.1,6.7,37.4,78.408058577,5.886690891,20.6,60.2,90.9,90.9,2160,2329,1933
Quintana, Jose,,2016,181,50,21.6,0.246,3.20,88.2,16.2,4.5,34.2,78.012765118,5.183909207,18.6,65,92.6,92.6,2042,2134,1322
Pineda, Michael,,2016,207,53,27.4,0.266,4.82,89.8,9.5,6.7,39.3,79.597226066,6.022051211,31.1,67.4,94.6,94.7,2083,2004,1896
Tillman, Chris,,2016,140,66,19.6,0.244,3.77,89,12.4,7.8,35.3,79.233002249,5.500010463,21.8,56.8,92.3,92.3,2303,2183,1651
Archer, Chris,,2016,233,67,27.4,0.238,4.02,90.2,10.3,8.4,40.5,80.17965382,6.340095524,29.6,58.7,95,95,2190,2315,1810
Gibson, Kyle,,2016,104,55,15.9,0.298,5.07,88.4,7.6,6.1,33.5,78.176597273,5.341247867,22.6,59.4,91.8,91.6,2105,2314,1675
Locke, Jeff,,2016,73,44,13,0.298,5.44,89,10.1,6.5,33.4,79.103564952,5.654559519,19.2,61.8,92.2,92.1,2078,1358,1506
Samardzija, Jeff,,2016,167,54,20.1,0.249,3.81,88.7,10.9,6.1,35.1,78.57450771,5.55389312,20.5,63.7,94.7,94.4,2451,2387,1595
Leake, Mike,,2016,125,30,16.5,0.288,4.69,89,6.2,6.2,36.8,78.379602063,5.866092434,15.9,62.1,90.1,90.8,2121,2525,1838
Anderson, Chase,,2016,120,53,18.5,0.266,4.39,88.1,16.7,8.7,30,78.214046228,5.015949605,20.3,57.8,91.6,91.4,2147,2134,2270
Peralta, Wily,,2016,93,43,16.8,0.305,4.86,89.2,6.5,6.7,35.9,78.8768112,5.881343058,21,56,95.3,95.4,1859,2060,1529
Nicasio, Juan,,2016,138,45,26.9,0.261,4.50,88.5,13,5,31.6,78.249718514,5.410485101,24.2,63,94.3,94.3,2129,1975,1930
Salazar, Danny,,2016,161,63,27.6,0.235,3.87,91.3,9.4,7.8,44.1,81.658556591,6.842019148,25.6,53.9,95.4,95.3,2410,2414,1407
Bettis, Chad,,2016,138,59,17,0.278,4.79,88.7,6.8,5.6,34.9,78.376797424,5.557475874,21.2,62.7,92.3,92.1,1945,2142,1521
Bumgarner, Madison,,2016,251,54,27.5,0.213,2.74,88.5,15.5,6.7,31.2,78.686386259,5.243527793,25.7,65.4,91.4,89.8,2305,2367,1667
Duffy, Danny,,2016,188,42,25.7,0.241,3.51,89.5,15.8,7.9,36,79.742936708,5.732759521,27.2,62.2,95.5,95.4,2216,2312,2512
Gee, Dillon,,2016,89,37,16.2,0.291,4.68,87.1,14.3,6.2,30.1,76.904223448,4.641790025,18.3,61,90,88.8,2343,2504,1905
Moore, Matt,,2016,178,72,21.2,0.245,4.08,88.8,17.1,6.4,31.4,79.032774515,5.295812705,23.9,61.9,93.4,93.2,2279,2514,1564
Nelson, Jimmy,,2016,140,86,17.3,0.268,4.62,88.8,9.2,5.5,35.1,78.539410511,5.601808227,18.6,58.1,93.6,93.7,2220,2363,2004
Pomeranz, Drew,,2016,186,65,26.5,0.217,3.32,88.1,11.6,7.3,34.4,77.782632719,5.231277581,25.5,56.3,91.8,90.5,2449,2160,2299
Porcello, Rick,,2016,189,32,21.2,0.230,3.15,88.4,13.7,7,35.1,77.86729175,5.520286813,18.5,64.2,92.2,90.9,2395,2654,1688
Perez, Martin,,2016,103,76,12,0.270,4.39,89.6,6.5,6,37.4,79.463669018,5.982063149,18.1,64.6,93.6,93.3,2063,2302,1707
Teheran, Julio,,2016,167,41,22,0.223,3.21,88.8,16.2,6.5,33.6,78.801189731,5.514894605,24,61.7,91.7,91.5,2254,2373,1518
Shoemaker, Matt,,2016,143,30,21.4,0.266,3.88,87.8,14.3,7,35,76.84727645,5.427076529,26.8,68.6,92.2,91.9,2122,1993,1271
Andriese, Matt,,2016,109,25,20.7,0.265,4.37,91.1,13.6,7.2,41.2,82.058028718,6.386511208,22.9,66,92.4,91.5,2341,2358,1993
Chatwood, Tyler,,2016,117,70,17.5,0.250,3.87,87.7,5.3,4,35.2,76.699599181,5.318093815,19,55,92.7,91.5,2387,2867,1764
Cole, Gerrit,,2016,98,36,19.4,0.289,3.88,87.7,8,3,31,77.69281142,4.927593182,18.8,60.3,95.9,95.9,2173,2444,1696
Conley, Adam,,2016,124,62,21.3,0.250,3.85,87.9,17,6.2,31.6,77.384013785,5.284953229,23.1,64,91.7,91.7,2354,2124,2069
DeSclafani, Anthony,,2016,105,30,20.7,0.259,3.28,88.8,12,6.3,36.1,78.873407697,5.461752535,21.5,58.8,93.5,93.4,2025,2102,1671
Eovaldi, Nathan,,2016,97,40,18.5,0.255,4.76,89.8,7.8,8.5,40.3,79.138905236,6.41886877,22.1,64.8,97.8,97,2293,2111,1640
Friedrich, Christian,,2016,100,52,17.6,0.259,4.80,88.4,14.2,4.1,32.9,78.124084171,5.418185239,19.3,60.5,89.9,89.9,2202,2527,2116
Gray, Sonny,,2016,94,42,18.2,0.286,5.69,90.2,6.1,6.3,43.4,79.926266522,6.447179837,19.6,61.8,93.4,93.3,2386,2792,1746
Hendricks, Kyle,,2016,170,44,22.8,0.207,2.13,86.6,10.1,3.4,26.2,76.410293878,4.363342796,24.7,68.6,90.2,88.3,2018,2880,2113
Koehler, Tom,,2016,147,83,19,0.261,4.33,87.8,12,6.7,33.4,77.202523385,5.205661946,23.2,59.4,92.4,92.5,2093,2329,1614
McHugh, Collin,,2016,177,54,22.3,0.282,4.34,87,14.3,4.7,28.3,76.699155602,4.67386547,23.8,67,90.7,89.2,2341,2619,1650
Odorizzi, Jake,,2016,166,54,21.5,0.241,3.69,89.9,16.6,8.4,35.9,80.403831513,5.892650572,21.7,58.6,91.9,91.7,2256,2203,1514
Roark, Tanner,,2016,172,73,20.1,0.228,2.83,87.4,8.7,5.4,30.3,77.099292586,4.874983506,21.7,57.7,92.7,92.7,2076,2555,1846
Strasburg, Stephen,,2016,183,44,30.6,0.218,3.60,87.7,14.2,6,33.6,76.939714365,5.187773591,24.8,65.6,95.6,95.6,2169,2469,1788
Bauer, Trevor,,2016,168,70,20.7,0.248,4.26,89.6,9.9,5.7,39.7,79.530937546,6.059035186,22.5,59.9,94,92.7,2287,2518,1735
Iwakuma, Hisashi,,2016,147,46,17.6,0.282,4.12,88.7,14.6,5.8,33.9,78.463285455,5.597793685,17.4,64.2,88.9,88.1,2129,2230,1541
Tanaka, Masahiro,,2016,165,36,20.5,0.236,3.07,88.9,9,4.3,36.3,78.535028893,5.74311565,23.3,64.5,92.6,90.9,2096,2237,1594
Ventura, Yordano,,2016,144,78,17.6,0.263,4.45,89.8,8.6,7.8,38.4,79.682925276,6.09919715,22,55.9,96.9,96.8,2122,2626,1500
Corbin, Patrick,,2016,131,66,18.7,0.286,5.15,89.9,7.5,9,36.5,79.393863443,6.36229232,22.6,56.9,92.2,92.3,2265,2302,1771
Fiers, Mike,,2016,134,42,18.5,0.280,4.48,89.8,12.1,6.1,39.2,79.698250602,6.093293835,21.5,62.7,90,89.4,2215,2581,1765
Matz, Steven,,2016,129,31,23.6,0.257,3.40,88.7,7.1,4.5,36.1,78.236945714,5.644488956,22.3,64.9,92,94.3,2062,2312,2208
Paxton, James,,2016,117,24,22.9,0.279,3.79,90.4,8.8,4.1,41.2,80.577407377,6.37797112,25.5,62.4,97.5,95.7,2117,2033,1871
Keuchel, Dallas,,2016,144,48,20.5,0.259,4.55,88.4,3.8,6.9,36.9,77.11993996,5.87472086,22.9,63.3,88.8,88.5,2099,2201,1598
Straily, Dan,,2016,162,73,20.5,0.220,3.76,88.9,18.9,7.5,35,78.939690712,5.516067978,23.2,61.2,89.8,89.8,2205,2322,1314
Stroman, Marcus,,2016,166,54,19.4,0.264,4.37,90.4,0.5,4.9,41.9,79.92819657,6.684735397,21.3,61,93.5,92,2314,2681,1449
Foltynewicz, Mike,,2016,111,35,21.1,0.263,4.31,88.6,12.8,6.2,37,78.153813901,5.611759148,22,63.4,95.9,95.9,2356,2318,2026
Gausman, Kevin,,2016,174,47,23,0.262,3.61,88.7,12.6,7.2,33.7,78.357793386,5.493115354,25.4,56.8,95.4,95.3,2303,2266,1585
Gray, Jon,,2016,185,59,26,0.243,4.61,88.2,12.4,6.2,34.7,77.573562329,5.545400457,26.5,62.6,95.8,95.8,2183,2440,1683
Ray, Robbie,,2016,218,71,28.1,0.267,4.90,89.9,12.3,6.9,39.3,79.578419784,6.224562138,26.6,55.9,94.9,94.8,2274,2152,1918
Sanchez, Aaron,,2016,161,63,20.4,0.224,3.00,90,4.5,6.1,39.8,79.37410574,6.444513755,20.9,60.9,95.2,95.4,2270,2844,2051
Smyly, Drew,,2016,167,49,22.6,0.259,4.88,87.8,21.4,6.7,31,77.317629882,5.170192992,24.7,58.4,90.8,89.6,2170,1762,1477
Syndergaard, Noah,,2016,218,43,29.3,0.243,2.60,87.6,6.4,3.5,31.8,76.807153632,5.207222073,30.3,63.8,98.7,98.6,2183,2112,1765
Velasquez, Vince,,2016,152,45,27.6,0.263,4.12,88.6,16.9,7.9,34,78.239107,5.626838,27.1,59.9,94.6,94.4,2277,2354,1675
Walker, Taijuan,,2016,119,37,20.8,0.247,4.22,89.4,12.7,9,36.7,79.438520545,5.811845112,22.5,63.7,94.6,93.9,2127,2272,1586
Martinez, Carlos,,2016,174,70,21.5,0.233,3.04,87.2,5.8,3.8,30.5,76.668594502,4.848051624,22.7,62.3,97.2,96.4,2085,2146,2009
deGrom, Jacob,,2016,143,36,23.7,0.255,3.04,88.4,10.8,6.4,31.8,77.902324949,5.517242374,24.7,63.9,94,93.9,2269,2419,1686
Eickhoff, Jerad,,2016,167,42,20.6,0.251,3.65,88.6,15.4,5.7,35,78.345859552,5.474457478,21.5,61.3,91.6,91.6,2209,2433,1806
Bradley, Archie,,2016,143,67,22.4,0.276,5.02,89.6,10.4,5.2,37,79.562820634,6.059709927,21.1,57.4,93,93,2368,2017,1743
Fernandez, Jose,,2016,253,55,34.3,0.224,2.86,89.3,11.6,3.8,36.2,79.867098578,5.499196324,32.7,60.9,95.9,95.8,2431,2379,1552
Finnegan, Brandon,,2016,145,84,19.8,0.236,3.98,88.3,13.9,8,35.5,77.669041592,5.589989469,22.5,54.6,92.3,92.3,2187,2142,1646
Fulmer, Michael,,2016,132,42,20.4,0.231,3.06,88.1,9.8,5.8,32.3,77.486104248,5.376363947,23.4,61.1,95.6,93.3,2292,1939,1746
Morgan, Adam,,2016,95,29,18.7,0.303,6.04,89.6,13.4,7.1,39.3,78.927744595,6.376183081,23.9,59.8,91.3,91.3,2338,2474,1712
Wisler, Matt,,2016,115,49,17.1,0.259,5.00,89.4,14.7,6.4,36.8,78.575125172,6.253213513,20.7,58.3,93.4,93.4,2170,2478,2085
Perdomo, Luis,,2016,105,46,15.9,0.310,5.71,90,1.2,5.8,40.6,80.097300643,6.081931308,19.3,59.5,94.8,94.4,1947,2283,1578
Rodon, Carlos,,2016,168,54,23.5,0.273,4.04,88.9,13.1,4.5,35,79.012157074,5.430907969,23.5,54.3,94.2,94,2178,2315,1610
Wacha, Michael,,2016,114,45,18.8,0.289,5.09,88.1,8.9,6.1,34.1,77.486563257,5.390775459,18.8,59.1,93.9,93.1,2135,2136,1682
Duffey, Tyler,,2016,114,32,19.1,0.301,6.43,90.2,8.1,9.5,43,79.893959679,6.577700529,19.6,63.8,91,91,2176,2421,1636
Graveman, Kendall,,2016,108,47,13.8,0.271,4.11,89.6,6,5.5,38.7,79.170138771,6.198862729,18.1,64.7,91.7,92.1,2301,2320,1700
Chen, Wei-Yin,,2016,100,24,19.2,0.276,4.96,89.7,13.2,8.4,37.2,79.585836737,6.097815567,20.7,64,91.3,91.2,2033,2255,1542
Maeda, Kenta,,2016,179,50,25,0.229,3.48,85.7,12.7,5.4,25.5,75.543428432,3.917763885,27.4,61.7,90.7,90.6,2302,2454,1740
Manaea, Sean,,2016,124,37,20.9,0.248,3.86,89.9,11.7,6.8,38.9,79.451843578,6.386920025,24.9,65,92.9,92.9,2000,1990,1321
Colon, Bartolo,,2017,89,35,13.7,0.318,6.48,88.8,13.1,7.3,37.4,77.971227891,5.973900841,12.6,65.1,90.3,87.8,2124,2334,1678
Sabathia, CC,,2017,120,50,19.3,0.246,3.69,85,7.4,4,28.9,72.833064725,4.656570736,21,61.5,89.2,90.2,2090,2237,1843
Lackey, John,,2017,149,53,20.4,0.252,4.59,88.2,14.3,6.8,36.2,77.411569084,5.589858625,23,65.5,91,87.5,2163,2283,1647
Wainwright, Adam,,2017,96,45,17.6,0.286,5.11,86.7,8.5,4.3,33.8,75.321550918,5.09279867,17.8,59.6,90.1,88,2249,2643,1788
Greinke, Zack,,2017,215,45,26.8,0.230,3.20,87.4,10.2,7.4,30.9,76.531302652,5.147849508,28.9,62.4,90.8,90.8,2382,2594,1821
Santana, Ervin,,2017,167,61,19.4,0.225,3.28,86,16.1,5.9,30.1,74.555954838,4.70750678,23.2,64.2,93.2,92.8,2196,2372,1516
Cain, Matt,,2017,75,49,13.2,0.310,5.43,88.5,12,6.1,36.6,78.205979116,5.554518462,12.5,63.4,89.3,89.2,2390,2588,1590
Hamels, Cole,,2017,105,53,17.1,0.228,4.20,87.9,10.6,5.4,36,77.039547955,5.468307727,21.5,56.4,92.1,91.1,2023,2139,1605
Verlander, Justin,,2017,219,72,25.8,0.221,3.36,87.6,16.4,7.2,35.6,76.196477055,5.56629623,23.6,61.7,95.3,95.3,2540,2646,1813
Jimenez, Ubaldo,,2017,139,58,21.5,0.291,6.81,89.3,12.4,7.8,39.5,78.560234136,6.179600432,21,53.4,90.8,90.5,2170,2444,1332
Hammel, Jason,,2017,145,48,18,0.284,5.29,88.2,16.2,7.1,33.9,77.770795017,5.393397793,21.5,62.6,92.2,92.1,2178,2435,1764
Nolasco, Ricky,,2017,143,58,18.2,0.286,4.92,90,14.6,8.4,40,79.727428951,6.38914035,25.2,60.3,91,90.9,2055,2382,1379
Chavez, Jesse,,2017,119,45,20.3,0.276,5.35,88.9,12,8.8,40.8,77.769452548,6.233176178,20.8,62.5,91.2,91.3,2291,2461,1849
Kluber, Corey,,2017,265,36,34.1,0.193,2.25,85.3,10.5,5.3,29.2,73.482502112,4.579947586,33.6,64.6,92.7,91.3,2380,2589,1707
Hill, Rich,,2017,166,49,30.1,0.203,3.32,86,17.6,7,29.1,74.895332166,4.59006262,28.1,62.1,89.2,88.9,2468,2797,1744
Shields, James,,2017,103,53,20,0.253,5.23,87.7,15,8.7,37.6,76.460443107,5.567303853,24.6,57.9,90.2,88.4,2323,2507,1675
Garcia, Jaime,,2017,129,64,19.2,0.261,4.41,87.2,4.8,5.4,36.8,75.305531144,5.646062945,25.7,56.5,90.8,90.8,2321,2793,2001
Morton, Charlie,,2017,163,50,26.4,0.228,3.62,85.4,7.1,4.6,29.8,73.588319689,4.67287439,25.9,61.1,95.7,93.9,2184,2875,2046
Vargas, Jason,,2017,134,58,17.7,0.264,4.16,87.1,14.9,5.5,32.7,76.494210109,4.888416733,23.5,65.9,85.7,85.6,2197,2491,2278
Gallardo, Yovani,,2017,94,60,16.3,0.271,5.72,88.3,12.6,7.1,35.1,77.176924783,5.774949153,20.6,58.2,92.4,92.2,2127,2368,1931
Lester, Jon,,2017,180,60,23.6,0.259,4.33,86.4,10.3,5.4,29.5,75.657403976,4.577866844,25,58.1,91.4,89.9,2223,2512,1743
Kennedy, Ian,,2017,131,61,20,0.246,5.38,89.5,17.5,10.9,35.8,79.636653067,5.946074244,22.3,58.2,92,92.1,2351,2290,1973
Scherzer, Max,,2017,268,54,34.4,0.178,2.51,86.5,19.1,5.6,29.5,76.053612615,4.471210917,32.1,64.7,94,93.2,2495,2433,1519
Richard, Clayton,,2017,151,59,17.6,0.308,4.79,87.4,1.8,4.4,33.3,75.946296741,5.477245504,19.6,62.5,90.8,90.5,2090,2211,1848
Arrieta, Jake,,2017,163,55,23.1,0.235,3.53,87.4,10.6,5.6,33.3,76.739003445,5.043328674,21.1,58,92.2,92.2,2260,2578,1800
Gonzalez, Miguel,,2017,100,55,14.6,0.271,4.62,88.3,17.4,6.7,35.9,78.218753527,5.29712099,15.2,66.8,90.9,91.1,2301,2583,1355
Cueto, Johnny,,2017,136,53,21,0.277,4.52,88.2,15.1,7.3,33.6,77.636625,5.393625241,22.8,64.6,91.3,90.8,2181,2205,1471
Happ, J.A.,,2017,142,46,22.7,0.252,3.53,85.9,9,4.3,31.1,74.125082824,4.893389398,22.1,62,92.6,91.9,2292,2228,1693
Lynn, Lance,,2017,153,78,19.7,0.223,3.43,86.6,12.2,5.8,27.5,75.979605172,4.614986169,22.5,54.6,92.4,91.3,2316,2184,1987
Tomlin, Josh,,2017,109,14,18.6,0.294,4.98,88.5,13.7,7,36.6,77.664868973,5.701737589,19.5,68.5,87.8,86.7,2423,2739,1852
Pelfrey, Mike,,2017,79,62,14.5,0.270,5.93,87.8,8.6,7.6,37.2,76.597206041,5.624794656,17.4,59.3,92.7,91.9,1922,2001,1225
Gonzalez, Gio,,2017,188,79,22.7,0.216,2.96,86.1,11.7,4.9,27.9,75.115433494,4.514745688,22.1,55.3,90,89.7,2208,2708,1676
Estrada, Marco,,2017,176,71,21.8,0.256,4.98,87,21.8,7,30.2,76.270660362,4.870869528,24.1,58.7,89.8,89.5,2401,2662,2125
Nova, Ivan,,2017,131,36,16.7,0.277,4.14,89.4,9.2,6.5,36.8,79.549556807,5.808280474,17.9,64.5,93.1,92.8,2193,2352,1965
Chacin, Jhoulys,,2017,153,72,20,0.235,3.89,86.3,9.8,5.7,28.4,75.784707597,4.380081553,20.1,58.8,91.4,91.2,2146,2482,1503
Carrasco, Carlos,,2017,226,46,28.3,0.235,3.29,87.4,9.6,7.4,34.6,75.954064646,5.471092998,29.6,63,94.3,94.2,2228,2588,1485
Hellickson, Jeremy,,2017,96,47,13.8,0.255,5.43,87.8,17.8,6.4,34.7,76.992957681,5.326679048,18.1,59.1,90.1,89.4,2143,2924,1830
Kershaw, Clayton,,2017,202,30,29.8,0.212,2.31,85.3,10.3,6.3,27.1,74.004493868,4.361550426,29.8,69.5,92.8,92.9,2339,2435,2171
Cashner, Andrew,,2017,86,64,12.2,0.250,3.40,87.1,10.6,3.9,32.3,75.696292841,5.277513974,14.9,58.5,93.8,93.2,2104,2120,1495
Miley, Wade,,2017,142,93,19.5,0.287,5.61,87.6,7.4,6.3,35.8,75.828732905,5.77031341,21.9,53.7,91.4,90.3,2185,2426,1936
Garza, Matt,,2017,79,45,15.7,0.270,4.94,86.7,14.6,4.7,31.7,75.53747235,4.957984658,18.1,59.4,92,91.9,1993,2105,1413
Ramirez, JC,,2017,105,49,16.9,0.267,4.15,87.6,8,6.5,34.6,76.325091858,5.467056416,20.4,60.4,95.6,95.6,2049,2318,1817
Quintana, Jose,,2017,207,61,26.2,0.238,4.15,87.5,11.8,5.9,35.5,76.595901344,5.267433228,21.3,67.2,92.2,92.1,2029,2187,1329
Archer, Chris,,2017,249,60,29.2,0.246,4.07,89.6,12.7,5.9,40.2,79.336618302,6.061407524,30.3,62.3,95.5,95.5,2249,2546,1766
Gibson, Kyle,,2017,121,60,17.5,0.292,5.07,88.5,6.7,6.9,37.9,77.309684701,5.977377166,23.2,59.5,92.6,92.1,2076,2429,1645
Cobb, Alex,,2017,128,44,17.3,0.254,3.66,88.2,9.3,6,35.1,77.452471536,5.570908318,16.9,58.8,91.1,91.7,2101,2536,1599
Samardzija, Jeff,,2017,205,32,24.2,0.255,4.42,87.4,12.4,6.3,33.8,76.297457625,5.23230199,22.4,65.1,94.3,93.9,2474,2392,1690
Leake, Mike,,2017,130,37,16.6,0.278,3.92,87.6,6.1,5.1,36.4,75.993789829,5.662660188,18.4,63.3,90.6,89.8,2075,2510,1770
Anderson, Chase,,2017,133,41,23.4,0.220,2.74,85.6,14.5,4.4,26,74.810135873,4.219573156,24.2,61.2,93.2,92.4,2222,2212,2278
Holland, Derek,,2017,104,75,16.6,0.290,6.20,88.5,14.2,8.2,39.5,77.431320642,6.022564736,18.8,63.7,91.3,91.1,2192,2032,1978
Peacock, Brad,,2017,161,57,29.5,0.206,3.00,85.7,12.9,5.2,28.3,74.734453813,4.30228,29.9,63.2,92.6,92.2,2308,2648,2002
Darvish, Yu,,2017,209,58,27.3,0.228,3.86,86.2,13.2,6.3,31.4,74.59683219,4.93961155,27.9,58.9,94.3,92.9,2498,2634,1585
Duffy, Danny,,2017,130,41,21.3,0.257,3.81,87,16,5.5,31.1,76.104195896,4.97968539,24.3,64.9,92.8,92.9,2173,2314,2410
Moore, Matt,,2017,148,67,18.7,0.283,5.52,89.6,15.7,9,40.3,79.060694549,6.293487491,19.5,61.3,91.9,91.3,2238,2394,1727
Nelson, Jimmy,,2017,199,48,27.3,0.257,3.49,85.9,5.9,4,31.4,73.969938326,4.957324581,25.2,61.1,94.1,93.9,2213,2548,1561
Pomeranz, Drew,,2017,174,68,23.5,0.252,3.32,87.9,13,6.7,35.7,76.800647833,5.567258333,24,60.4,91.4,90.9,2353,2204,1697
Porcello, Rick,,2017,181,48,20.5,0.286,4.65,88.2,14.4,8,35.7,77.299764006,5.661091431,21.1,67.2,92.1,91.1,2389,2671,1621
Sale, Chris,,2017,308,43,36.2,0.208,2.90,86.8,15,6.1,30.5,75.977415802,4.794633025,31.7,66.7,94.8,94.5,2305,2395,2016
Zimmermann, Jordan,,2017,103,44,14.4,0.313,6.08,89.3,17.2,7.7,35.4,79.736894036,5.562504564,17.9,67.5,92.2,92.2,2339,2389,2245
Perez, Martin,,2017,115,63,14.2,0.301,4.82,87.1,9.8,5.4,32.4,76.054533323,5.105965654,17.9,59.3,93.2,93.1,2048,2455,1780
Teheran, Julio,,2017,151,72,18.6,0.257,4.49,87.2,13.9,6.4,30.5,76.701951696,4.903528463,21.5,64.2,91.4,91.3,2229,2503,1595
Adleman, Tim,,2017,108,51,20.3,0.264,5.52,87.7,18.3,7.9,32.7,76.968297809,5.238116761,24.6,60.5,90,90,2235,1968,1587
Ramirez, Erasmo,,2017,109,31,20.2,0.247,4.39,88.5,12.4,7.6,35.8,77.560782051,5.826673462,22.1,61.8,92.2,90.7,2322,2460,1766
Chatwood, Tyler,,2017,120,77,19,0.250,4.69,86.4,1.2,5.6,32.1,74.164853905,5.296800048,24,53.6,94.8,93.2,2487,2989,1708
Cole, Gerrit,,2017,196,55,23.1,0.254,4.26,86.3,11.1,7.6,34.4,74.046742743,5.325617774,21.7,63.5,95.9,95.8,2149,2528,1631
Gray, Sonny,,2017,153,57,22.6,0.226,3.55,87.4,5.4,6.2,38.6,75.107633231,5.97063919,27.2,61.7,93.4,92.5,2241,2866,1826
Hendricks, Kyle,,2017,123,40,21.6,0.242,3.03,85,8.6,4.4,29.3,72.804727665,4.625822468,20.9,63.3,86,85.8,1966,2765,2087
Montgomery, Mike,,2017,100,55,18.5,0.219,3.38,86,3.8,3.2,28.5,74.879156054,4.587995745,20.4,60,92.3,91.6,1859,2335,1763
Odorizzi, Jake,,2017,127,61,21.1,0.220,4.14,87.9,19.6,8.2,35.7,77.356116798,5.299093621,25.2,54.1,91.5,90.5,2272,2210,1414
Roark, Tanner,,2017,166,64,21.4,0.254,4.67,86.9,10,5.4,33.1,76.004916579,4.951654049,23.3,58.8,92.5,92.3,2058,2511,1757
Strasburg, Stephen,,2017,204,47,29.1,0.204,2.52,87.3,10.8,6.1,32,76.544349151,5.078753853,27.7,63.5,95.4,95.3,2164,2707,1745
Bauer, Trevor,,2017,196,60,26.2,0.266,4.19,89.4,9.7,7.8,39.2,79.320654855,5.93590112,23.7,56.9,94.1,92.4,2329,2548,1624
Tanaka, Masahiro,,2017,194,41,25.8,0.257,4.74,88,8.8,8.6,36.2,76.975184325,5.577293373,31.1,64.8,92.3,91.5,2156,2380,1497
Ryu, Hyun Jin,,2017,116,45,21.4,0.263,3.77,87.5,10.1,6.9,31.6,76.812247104,5.150547842,25.7,60.4,90.4,89.1,2055,2375,1539
Urena, Jose,,2017,113,64,15.6,0.238,3.82,86.4,13,8.6,30.9,75.156262664,4.867668147,19.8,58.9,95.8,95.6,2164,2305,1807
Boyd, Matthew,,2017,110,53,18.2,0.291,5.27,86.6,15.7,5.9,30.3,74.904261925,5.145388075,22.6,59.5,92.6,92,2259,2246,1850
Corbin, Patrick,,2017,178,61,21.5,0.276,4.03,87.9,7.8,6.7,35.6,76.167283693,5.879800506,25.3,62.6,92.3,92.2,2269,2359,1797
Fiers, Mike,,2017,146,62,21.8,0.266,5.22,86.5,12.9,8,32.8,74.963662308,5.080269546,21.3,60.3,89.5,89.3,2230,2669,1769
Paxton, James,,2017,156,37,28.3,0.223,2.98,87.2,12.3,2.8,31.3,76.37520142,5.088450427,28.2,64.9,95.5,94.6,2241,2022,1830
Keuchel, Dallas,,2017,125,47,21.4,0.218,2.90,85.5,-0.6,5.1,32.8,72.74616596,5.177216212,26.9,60.5,88.8,88.4,2057,2189,1538
Straily, Dan,,2017,170,60,22.1,0.256,4.26,87.2,18.5,6.9,29.2,76.965294825,4.746977879,26.4,62,90.5,90.4,2230,2408,1408
Stroman, Marcus,,2017,164,62,19.7,0.264,3.09,88.7,0.6,5,38.6,77.352262517,6.068462118,23.6,58.6,94,93.2,2271,2733,1673
Foltynewicz, Mike,,2017,143,59,20.7,0.277,4.79,88.5,13.6,5.4,32.9,77.982692318,5.540747189,22.8,62.4,95.3,95.3,2260,2431,1882
Gausman, Kevin,,2017,179,71,21.9,0.283,4.68,87.7,11.8,8.2,33.7,76.544743863,5.436369079,25.8,60.2,94.9,94.9,2249,2291,1602
Taillon, Jameson,,2017,125,46,21.3,0.290,4.44,86.3,9.2,4.1,31.2,74.9302239,4.8653836,20.1,62.5,95.3,95.1,2216,2649,1647
Walker, Taijuan,,2017,146,61,21.4,0.247,3.49,88.7,9.6,5.1,34.5,78.621860304,5.471695773,21.5,58.9,93.7,92.2,2139,2296,1556
Williams, Trevor,,2017,117,52,18.2,0.255,4.07,86.3,10,5.2,29.4,75.202460267,4.737931314,19.1,60.9,92.7,92,2021,2182,1778
Martinez, Carlos,,2017,217,71,25.3,0.232,3.64,87,8.1,4.8,33.3,75.664595818,5.155882382,24.4,59.1,96.3,95.6,2049,2183,1988
Rodriguez, Eduardo,,2017,150,50,25.8,0.241,4.19,86.3,16.6,7.7,31.3,74.754872234,4.916060053,26.3,61.2,93.2,92.5,2188,2179,1970
deGrom, Jacob,,2017,239,59,28.9,0.237,3.53,86.3,10.8,5.9,28.8,75.233682278,4.71360176,29.1,64.3,95.2,95.1,2343,2480,1793
Eickhoff, Jerad,,2017,118,53,20.5,0.281,4.71,89,15.4,6.3,34.6,78.841327385,5.661571564,21.7,57.1,90.4,90.4,2215,2431,1800
Pivetta, Nick,,2017,140,57,24,0.281,6.02,88.3,13.1,7.3,37.2,77.29458766,5.767580585,22.1,59.4,94.5,94.4,2263,2676,1771
Bundy, Dylan,,2017,152,51,21.8,0.240,4.24,88.8,19.4,7.8,36.5,78.080485208,5.825075741,25.3,59.6,92.2,92.1,2469,2403,1754
Cotton, Jharel,,2017,105,53,18.6,0.267,5.58,86.7,17.4,6,30.9,75.312197766,5.056835878,21.9,59.6,93.2,93.1,2198,2258,2322
Fulmer, Michael,,2017,114,40,16.9,0.243,3.83,86.1,9.4,4.9,29.4,74.757091383,4.750320693,21.3,61.4,95.6,94.1,2143,2460,1744
Nola, Aaron,,2017,184,49,26.6,0.241,3.54,85.7,9,5,31,74.156470132,4.633089342,26.1,64.4,92.3,91.9,2074,2544,1435
Snell, Blake,,2017,119,59,21.8,0.234,4.04,86.4,13.3,4.3,30,75.253832737,4.782237011,26.2,53.7,94.3,94.3,2438,2411,1754
Perdomo, Luis,,2017,118,65,16.5,0.285,4.67,88,1.1,5,36.4,76.888645465,5.652672777,21.2,61.4,94.3,94,1955,2338,1488
Montero, Rafael,,2017,114,67,20.7,0.306,5.52,84.6,10.4,4.1,25.3,72.665698409,4.331377806,23.9,63.7,93.9,93.6,2276,2357,2064
Gsellman, Robert,,2017,82,42,14.9,0.280,5.19,86.3,6.9,5,32.5,73.919035743,5.337019231,16.8,64.7,93.1,92.8,2107,2376,1627
Biagini, Joe,,2017,97,42,18.8,0.265,5.34,86.2,5.8,5.3,31.2,74.145341622,5.162608753,19.2,63.6,93.3,93.2,2152,2866,1723
Freeland, Kyle,,2017,107,63,15.6,0.284,4.10,86.1,4.7,4.3,33.6,73.503644139,5.326657316,18.1,55,92.2,92,2236,2177,1596
Wacha, Michael,,2017,158,55,22.5,0.267,4.13,87.2,9.8,5.6,30.1,76.575083941,4.900445085,22.9,66,95.1,94.1,2155,2234,1702
Marquez, German,,2017,147,49,21,0.274,4.39,88.7,9.1,7.1,36,78.147728197,5.721957316,20.5,60,95,94.9,2171,2589,1682
McCullers Jr., Lance,,2017,132,40,25.8,0.249,4.25,87.4,1,4.6,32.8,76.356466832,5.298067196,28,55.7,94.2,94.2,2294,2871,1890
Berrios, Jose,,2017,139,48,22.6,0.239,3.89,86,14.7,5,29.1,74.754791171,4.601706577,23.2,59.1,93.9,93.6,2206,2407,1588
Blach, Ty,,2017,73,43,10.5,0.283,4.78,86.9,9.9,3.7,33,75.742202115,5.033970628,15.4,61.7,90.6,90.1,2104,2231,1990
Senzatela, Antonio,,2017,102,47,18.1,0.254,4.68,87.7,7.1,5.4,34.5,76.754112822,5.313721881,17.8,61.7,94.3,94.3,2150,2178,2068
Severino, Luis,,2017,230,51,29.4,0.208,2.98,87.2,8,6.1,33.5,76.091770902,5.196214467,28.1,65.2,97.5,97.5,2301,2689,1671
Maeda, Kenta,,2017,140,34,25.1,0.238,4.22,86.2,15,4.8,28.4,75.376650984,4.508379754,27,64.2,92,91,2288,2417,1850
Kuhl, Chad,,2017,142,72,20.9,0.269,4.35,88.8,11.6,5.7,38.6,78.099740625,5.917541339,23.1,58.2,95.6,95.4,2146,2608,1745
Godley, Zack,,2017,165,53,26.3,0.221,3.37,88,4.9,6.4,38.7,76.414951701,5.824904742,30.5,60.8,90.7,90.9,2276,2173,1459
Montgomery, Jordan,,2017,144,51,22.2,0.236,3.88,86.9,13.8,6.2,31.6,76.169578756,4.866520535,26.9,59.9,91.9,91.8,2213,2374,1892
Miranda, Ariel,,2017,137,63,20.2,0.233,5.12,87.9,20.6,9.5,34,77.100015216,5.380146228,25.8,61.1,92.1,92.1,2411,1319,2101
Colon, Bartolo,,2018,81,25,12.9,0.291,5.78,89.6,11.8,7.5,40.8,78.990581081,6.305538687,12.5,63.9,89.3,87.3,2171,2388,1657
Sabathia, CC,,2018,140,51,21.1,0.250,3.65,84.9,13,5.2,26.6,73.359951878,4.250301965,24.7,60.9,90.2,89.4,2172,2250,1878
Greinke, Zack,,2018,199,43,23.7,0.231,3.21,87.9,10.4,6.4,33.5,77.487911633,5.216715877,25.9,67.1,89.5,89.6,2329,2514,1738
Hamels, Cole,,2018,188,65,23.4,0.246,3.78,88.6,10.9,7.5,35.9,77.926503042,5.724410552,26.9,60.1,92.4,90.7,2070,2175,1652
Hernandez, Felix,,2018,125,59,18.3,0.262,5.55,89.8,12.2,8.4,38.5,79.751502678,6.188946987,19.6,62.7,89.6,89.3,2019,2346,1701
Verlander, Justin,,2018,290,37,34.8,0.200,2.52,88.5,22.1,6.2,32.7,78.75990849,5.215622592,31.6,68.9,95,95,2618,2767,1899
Liriano, Francisco,,2018,110,73,18.8,0.252,4.58,88,9.3,7.5,32.2,77.444724082,5.267754834,25.2,53.6,91.9,92,2024,2245,1717
Hammel, Jason,,2018,92,39,15.8,0.315,6.02,89.5,15.6,8.3,39.5,79.116028597,6.115768912,20.6,66.9,91.9,91.7,2050,2496,1657
Sanchez, Anibal,,2018,135,42,24.4,0.213,2.83,85,12.2,5.1,26.3,73.59857095,4.227648992,24.7,66.5,90.4,89.8,2262,2238,1572
Kluber, Corey,,2018,222,34,26.4,0.223,2.89,87.9,11.3,6.3,34.5,77.474814353,5.263122919,26.9,63.3,92,90.5,2425,2607,1751
Hill, Rich,,2018,150,41,27.4,0.219,3.66,88.8,15.6,7.8,36.2,78.503322647,5.652919263,24.6,65.3,89.4,89.2,2470,2875,1857
Shields, James,,2018,154,78,17.7,0.245,4.53,88.6,16.6,8.3,35.6,78.170011093,5.584878939,24.3,56.8,89.5,88.2,2281,2478,1665
Guerra, Junior,,2018,136,55,22.3,0.264,4.09,89,13.6,6.7,38.8,78.103361527,6.105870936,24.5,63.4,93.1,93.2,2208,2343,1319
Morton, Charlie,,2018,201,64,28.9,0.213,3.13,87.5,7.7,5.8,31,76.951516373,5.08194473,28.5,61,96.1,94.9,2213,2923,2122
Lester, Jon,,2018,149,64,19.6,0.256,3.32,88.7,13.7,6.6,35.4,78.516620951,5.495959886,20.3,57.4,91,90,2269,2571,1805
Kennedy, Ian,,2018,105,40,20.3,0.265,4.66,89.5,17.5,8.9,37.1,79.256158785,5.946026934,19.1,62.7,91.9,91.2,2334,2578,1951
LeBlanc, Wade,,2018,130,40,19.6,0.246,3.72,87.4,16.1,9,34.6,76.268529752,5.257556715,21.7,63.1,86.2,85,1940,2205,1522
Scherzer, Max,,2018,300,51,34.6,0.188,2.53,86.6,20.7,6.6,31.7,75.860880685,4.647810141,33,65.8,94.4,93.4,2477,2427,1457
Richard, Clayton,,2018,108,60,15.8,0.263,5.33,90.6,2.2,6.2,40.5,80.531561296,6.604080507,19,61.6,90.3,90,2154,2285,1674
Arrieta, Jake,,2018,138,57,19.1,0.254,3.96,87.8,8.6,5.6,31.7,77.758042023,4.933534786,19.1,62.5,92.4,93,2243,2559,1650
Price, David,,2018,177,50,24.5,0.230,3.58,88.7,14.7,7,35.7,78.004062241,5.851433472,22.8,62.5,92.7,91.2,2179,2207,1719
Happ, J.A.,,2018,193,51,26.4,0.225,3.65,88.4,15.4,8.8,34,77.746689496,5.580311996,24.1,60.9,92.3,91.9,2297,2180,1619
Lynn, Lance,,2018,161,76,23,0.265,4.77,87.5,7.8,4.2,37.1,76.011148333,5.581628879,23.4,54.1,93.7,92.4,2339,2221,1611
Gonzalez, Gio,,2018,148,80,19.8,0.256,4.21,87.7,11.2,5.8,34.5,76.94446063,5.321813688,23.8,53.9,90.1,89.7,2176,2715,1631
Estrada, Marco,,2018,103,50,16.4,0.274,5.64,87.5,24.7,9.3,33.3,77.053938069,4.948710987,23.2,63.8,88.5,88.2,2320,2620,2021
Nova, Ivan,,2018,114,35,16.7,0.268,4.19,90,11,7.9,38.7,80.035492471,6.077225463,19.6,57.4,93,92.9,2227,2250,2018
Chacin, Jhoulys,,2018,156,71,19.6,0.220,3.50,88.8,13.2,6.5,37.8,78.050611481,5.927760278,21.2,58.4,89.9,90.1,2056,2367,1533
Carrasco, Carlos,,2018,231,43,29.5,0.238,3.38,89.7,9.8,6,39.1,79.706658008,6.074574751,33,65.1,93.7,93.5,2309,2680,1507
Ross, Tyson,,2018,122,62,19.2,0.237,4.15,88.3,8.9,6.1,35.2,78.26739968,5.252466142,21.3,57.2,90.8,90.7,2514,2663,2148
Kershaw, Clayton,,2018,155,29,23.9,0.227,2.73,88,9.3,5.4,35.4,77.208474626,5.432404857,22.7,70.7,90.8,90.8,2382,2509,2181
Cashner, Andrew,,2018,99,65,14.5,0.291,5.29,89.2,13.4,7.2,35.8,79.270260472,5.70698626,17.2,55.9,93,92.4,2108,2233,1472
Quintana, Jose,,2018,158,68,21.4,0.246,4.03,89.4,12.4,6.1,37.6,79.719928826,5.737849168,20.6,65.4,91.5,91.5,2008,2176,1275
Minor, Mike,,2018,132,38,20.6,0.235,4.18,88.1,18.7,10.8,35.3,77.29015187,5.470661678,22.3,58.1,92.8,92.8,2543,2533,2197
Archer, Chris,,2018,162,49,25.4,0.268,4.31,89.7,11.9,6.4,38.7,79.730301531,5.947308897,28.6,62.2,94.6,94.7,2210,2557,1724
Gibson, Kyle,,2018,179,79,21.7,0.241,3.62,87.8,7.9,5.7,36.4,76.675027942,5.491631935,26.7,57.6,93.1,93,2140,2472,1696
Cobb, Alex,,2018,102,43,15.4,0.284,4.90,89,7.5,7.8,40.6,78.184592174,6.031287624,17.6,60.8,92.5,91.9,2120,2570,1641
Leake, Mike,,2018,119,34,15.2,0.280,4.36,89.7,8.5,6.7,39.6,79.210878553,6.224811479,16.7,65.3,89.1,88.2,2083,2504,1769
Anderson, Chase,,2018,128,57,19.9,0.228,3.93,87.2,18.5,8.8,30.8,76.343084091,5.040743818,21.8,63,92.5,91.7,2178,2220,2247
Bettis, Chad,,2018,80,47,15.4,0.265,5.01,88.6,6.9,7.3,38.6,77.266078413,6.106074775,21.1,61.4,90.4,89.1,1929,2224,1377
Bumgarner, Madison,,2018,109,43,19.8,0.238,3.26,88.4,13.3,8.4,35.5,77.660434615,5.650850257,21.4,63.8,90.8,88.1,2104,2297,1458
Duffy, Danny,,2018,141,70,20.4,0.264,4.88,88.6,16.8,7.3,37.3,78.254860297,5.611657818,23.3,58.2,93,93.1,2252,2344,2412
Harvey, Matt,,2018,131,37,19.8,0.271,4.94,90.1,13.5,8,40,79.755514748,6.483225399,20.5,62.9,93.8,94,2157,2417,1805
Porcello, Rick,,2018,190,48,23.5,0.241,4.28,89,12.4,7,35.7,78.511315127,5.854074499,20.5,66.8,91.3,90.4,2385,2653,1760
Sale, Chris,,2018,237,34,38.4,0.181,2.11,85.6,12.4,7.5,26.8,74.146397669,4.528917117,34.9,67.6,95.2,94.8,2330,2496,2045
Zimmermann, Jordan,,2018,111,26,20,0.269,4.52,89.1,16.8,9.6,38.4,78.618285314,5.904943237,20.5,64.9,91.2,91.1,2297,2366,1881
Teheran, Julio,,2018,162,84,22.4,0.196,3.94,88.7,15.5,7.2,36.7,78.445574805,5.562641302,28.4,61,89.9,89.7,2272,2607,1615
Anderson, Tyler,,2018,164,58,22.3,0.248,4.55,87.6,16,5.7,31.4,77.142577937,5.073733618,25.2,65.2,91.9,90.2,2330,2336,1901
Cole, Gerrit,,2018,276,64,34.5,0.198,2.88,89.1,15.8,6.2,39.8,78.980530897,5.793774719,30.8,63.6,96.5,96.5,2372,2706,1667
Gray, Sonny,,2018,123,57,21.1,0.270,4.90,88.7,7.9,6.3,39.5,77.528016218,6.004006762,25.1,57.4,93.3,93.1,2376,2801,2014
Hendricks, Kyle,,2018,161,44,19.8,0.247,3.44,86.4,10.3,5.7,30.8,74.975273162,4.907246598,21.7,65.2,87.3,86.8,1983,2795,2090
Montgomery, Mike,,2018,86,39,16.1,0.272,3.99,87.9,7.7,3.7,38.7,76.841001327,5.572425064,21.3,61.6,91.3,90.9,1908,2302,1790
Odorizzi, Jake,,2018,162,70,22.8,0.242,4.49,89.1,21.4,7.4,39,78.555609372,5.924690112,24.7,57,91.1,90.9,2253,2219,1605
Roark, Tanner,,2018,146,50,19.2,0.262,4.34,87.8,14.5,6,33.6,76.992998608,5.388263945,20.1,60.7,91.5,91.3,2069,2527,1731
Strasburg, Stephen,,2018,156,38,28.7,0.240,3.74,89.2,11,7.3,38.9,78.67185,6.003158843,27.7,61.2,94.6,94.5,2112,2591,1689
Bauer, Trevor,,2018,221,57,30.8,0.208,2.21,87.8,12,4.4,29.1,77.965412547,4.860139007,31.5,63.7,94.5,93,2373,2623,1852
Tanaka, Masahiro,,2018,159,35,25,0.240,3.75,88.9,10.7,7.1,38.1,78.301194977,5.874537271,29.4,68.2,91.8,91.2,2160,2408,1468
Stripling, Ross,,2018,136,22,27,0.257,3.02,87.9,10.1,5.8,31.7,78.047433742,4.893034847,25.3,69.3,91.8,91.6,2295,2496,1602
Wheeler, Zack,,2018,179,55,24.1,0.225,3.31,86.1,11.3,4.8,27.1,75.422836173,4.398570412,24.5,62.1,95.8,95.9,2291,2415,1631
Urena, Jose,,2018,130,51,18.3,0.242,3.98,88.5,9.3,6.2,36.2,77.792187843,5.641051667,20.2,59.6,95.6,95.8,2125,2244,1813
Boyd, Matthew,,2018,159,51,22.4,0.228,4.39,87.4,22.3,6.1,32.3,77.335605187,4.730585239,23.4,58.5,90.5,90.4,2281,2308,1760
Corbin, Patrick,,2018,246,48,30.8,0.218,3.15,88.4,7.8,5.8,35.6,77.787217137,5.521333354,34.3,64.4,90.8,90.8,2236,2333,1710
Fiers, Mike,,2018,139,37,19.5,0.249,3.56,89.8,16.8,10.4,37.4,79.904929198,5.997538092,19.8,66.4,89.4,89.4,2294,2571,1894
Matz, Steven,,2018,152,58,23.2,0.232,3.97,89.1,8.1,7.4,36.6,78.962315498,5.648047678,23,56.6,93.6,93.4,2070,2285,2224
Mikolas, Miles,,2018,146,29,18.1,0.245,2.83,86.7,8.2,5.1,29.4,76.173718553,4.670905865,20.2,70.8,94.1,93.9,2268,2476,1680
Paxton, James,,2018,208,42,32.2,0.224,3.76,90.1,15,9.4,42.1,79.950562577,6.381203557,30,66.2,95.4,94.2,2250,1949,2022
Skaggs, Tyler,,2018,129,40,24.2,0.262,4.02,89.4,12.9,6.1,38.7,79.288082784,5.882256449,25.7,62.9,91.5,91.4,2197,2675,1754
Keuchel, Dallas,,2018,153,58,17.5,0.263,3.74,87.3,4.5,4.5,33,76.207144634,5.215602668,19.7,60.1,89.7,88.6,2090,2190,1544
Straily, Dan,,2018,99,52,19.1,0.237,4.12,90.1,18.8,7.5,41.4,80.091738171,6.368145301,23.7,60.5,90.4,90.4,2317,2573,1493
Covey, Dylan,,2018,91,51,16.8,0.269,5.18,88.6,5.8,5.3,37.3,78.15821,5.537936692,17.4,60.4,94.6,93.8,2046,2296,1313
Foltynewicz, Mike,,2018,202,68,27.2,0.195,2.85,88.6,13.9,6.9,34.5,78.613296983,5.337673211,25.1,61.9,96.3,96.4,2320,2513,1909
Gausman, Kevin,,2018,148,50,19.1,0.264,3.92,89,10.8,7.4,40.8,77.951337254,6.193265704,24.7,57.2,93.6,93.6,2168,2210,1478
Gray, Jon,,2018,183,52,24.7,0.266,5.12,89.8,9.7,5.8,37.9,79.780287358,5.996075703,28.8,63.3,94.7,94.7,2014,2265,1557
Syndergaard, Noah,,2018,155,39,24.1,0.250,3.03,85.8,7.4,2,26.6,74.42863656,4.581566943,28.2,59,97.6,97.4,2159,2143,1638
Taillon, Jameson,,2018,179,46,22.8,0.246,3.20,87.8,10.4,4.3,31.9,77.767895667,4.920155889,23.8,63.7,95.2,95.2,2302,2527,1709
Velasquez, Vince,,2018,161,59,25.6,0.250,4.85,89.4,16.4,5.2,34.8,79.620469175,5.751432268,26.7,59.4,94,93.8,2281,2376,1642
Williams, Trevor,,2018,126,55,18,0.231,3.11,86.9,14.1,5.8,31,76.001327849,4.883373832,18.7,60.8,91.1,90.4,2094,2199,1681
Martinez, Carlos,,2018,117,60,22.5,0.228,3.11,86.1,10.8,3.9,31.5,74.021782531,5.051969753,24.7,60.2,95.1,92.9,2163,2142,1899
Rodriguez, Eduardo,,2018,146,45,26.4,0.238,3.82,88,14,6.7,33,77.794729774,5.137512663,26.2,61.5,93.3,92,2211,2204,2074
deGrom, Jacob,,2018,269,46,32.2,0.196,1.70,86.3,11.2,4.1,28.9,75.417923083,4.619660514,31,66.5,96,95.9,2344,2511,1700
Gonzales, Marco,,2018,145,32,21.1,0.267,4.00,88.5,10.4,5.4,35,78.18887644,5.497978357,21,66.3,90.1,88.9,2296,2450,2206
Junis, Jakob,,2018,164,43,21.6,0.265,4.37,88.7,13.8,8.6,35.6,78.301945,5.595588475,22,62.8,91.3,91,2007,2456,1488
Weaver, Luke,,2018,121,54,19.9,0.277,4.95,87.9,12.8,6.3,35,77.08313654,5.458152796,22.2,60.1,93.7,93.2,2321,2218,1700
Pivetta, Nick,,2018,188,51,27.1,0.261,4.77,88.8,10.9,7.8,34.8,78.869205566,5.475264184,27.2,63,94.8,94.8,2257,2692,1856
Bundy, Dylan,,2018,184,54,24.5,0.274,5.45,89.3,17.4,8.5,37.4,79.34909772,5.785211583,26.8,62.1,91.6,91.6,2396,2414,1740
Clevinger, Mike,,2018,207,67,25.6,0.223,3.02,87,14.3,5.6,31.8,76.362553053,4.862517252,27.8,64.3,93.6,93.6,2298,2317,1500
Fulmer, Michael,,2018,110,46,19.7,0.254,4.69,89.4,11.9,6.5,38.2,78.799666907,6.123362506,23.2,62.7,95.9,95.6,2188,2521,1716
Nola, Aaron,,2018,224,58,27,0.197,2.37,87.1,9.1,4.6,31.2,76.78916375,4.730845284,27.5,69.5,92.7,92.4,2101,2545,1478
Snell, Blake,,2018,221,64,31.6,0.178,1.89,87.5,10.7,7.2,32.7,76.84673561,5.090740098,34.6,57.2,95.8,95.8,2364,2481,1777
Suarez, Andrew,,2018,130,45,19.5,0.269,4.49,89.4,7.3,7.6,38.1,78.787631639,6.190472269,18,61.5,92.2,92.1,2014,2262,1711
Rodon, Carlos,,2018,90,55,17.6,0.220,4.18,87.7,16.6,5.1,34.3,77.18702125,5.163799176,21.2,57.8,92.9,93,2238,2495,1767
Romano, Sal,,2018,105,53,16.3,0.267,5.31,88.3,10.6,8.1,34.2,77.646058602,5.509477775,18.1,58.4,93.9,94.1,2044,2339,1669
Freeland, Kyle,,2018,173,70,20.5,0.240,2.85,86.8,12,5,29.2,76.369316014,4.633889036,21.5,62.3,91.8,91.5,2253,2197,1393
Giolito, Lucas,,2018,125,90,16.1,0.250,6.13,88.7,13.3,7,37.1,78.620984037,5.523389574,21.4,55.4,92.4,92.4,2066,2155,1651
Marquez, German,,2018,230,57,28.2,0.241,3.77,89.5,9.2,5.6,39.1,79.04423537,6.148958343,28.1,64.9,95.4,95.2,2198,2550,1730
Stratton, Chris,,2018,112,54,17.9,0.273,5.09,90.4,11.6,7,38.8,81.13657489,6.100184901,20.8,62,91.1,91,2438,2980,1933
Chen, Wei-Yin,,2018,111,47,19.4,0.256,4.79,87.6,17.4,5.3,31.5,77.5692088,4.81238745,20.3,63.4,91.1,91.1,2095,2201,1461
Eflin, Zach,,2018,123,37,22.4,0.261,4.36,87.4,14,5.7,33.2,76.424857273,5.235993396,23.7,64.9,94.6,94.3,2168,2292,1730
Buehler, Walker,,2018,151,37,27.9,0.193,2.62,87.9,9.5,4.3,32,78.064161845,4.93610003,25.5,63.6,96.2,95.7,2415,2759,1690
McCullers Jr., Lance,,2018,142,50,26.9,0.215,3.86,89.2,5.4,8.2,35.1,79.013770491,5.829788558,31.3,59.8,93.8,94.2,2261,2790,1886
Berrios, Jose,,2018,202,61,25.3,0.222,3.84,87.3,14.3,6,34.4,75.742294549,5.411849076,25.6,64.5,93.4,93.2,2183,2360,1633
Wood, Alex,,2018,135,40,21.2,0.247,3.68,88.1,8.5,4.6,33.7,78.206662018,5.125418094,23.7,69.3,90.4,89.9,1921,2049,1668
Castillo, Luis,,2018,165,49,23.3,0.245,4.30,88.8,9.6,8.8,39.5,77.787950788,6.033699958,28.6,61.4,95.8,95.7,2165,2206,1931
Severino, Luis,,2018,220,46,28.2,0.238,3.39,88.4,11.7,7.7,34.7,77.93695627,5.467707917,26.8,69,97.6,97.6,2365,2872,1648
Lopez, Reynaldo,,2018,151,75,18.9,0.234,3.91,88.3,19.6,7.3,36.1,77.951526929,5.421050446,21.3,60.1,95.5,95.5,2102,2105,1541
Maeda, Kenta,,2018,153,43,28.8,0.240,3.81,87.3,13.4,5.7,32.3,76.660101795,5.070558167,31.3,63.2,91.9,91.9,2289,2527,1520
Keller, Brad,,2018,96,50,16.5,0.252,3.08,88.1,7,4.6,31.6,77.967599395,5.122944149,21.2,59.1,94.3,93.9,2223,2470,1949
Lauer, Eric,,2018,100,46,19.8,0.285,4.34,88.4,15.6,6,35.2,77.671561392,5.646203354,19.9,59.8,91.2,90.4,2208,2243,1710
Mahle, Tyler,,2018,110,53,21.7,0.283,4.98,90.1,14.1,9.1,40.3,80.223403902,6.259831067,24,63,92.4,92.4,2138,2506,1584
Yarbrough, Ryan,,2018,128,50,20.4,0.246,3.91,85.7,16.3,6.3,26.9,74.639059636,4.423728318,20.6,59.9,88.2,88.2,2082,2397,2069
Barria, Jaime,,2018,98,47,18.2,0.242,3.41,88.7,17.7,7.3,33.2,79.214828281,5.228754935,24.3,55.3,91.3,91.1,2170,2276,1507
Godley, Zack,,2018,185,81,23.4,0.260,4.74,89.7,7.5,6.4,38.8,79.458104418,6.040489257,27.3,60.2,89.2,89.5,2219,2178,1287
Flaherty, Jack,,2018,182,59,29.6,0.199,3.34,86.9,15.6,6.6,34.7,75.328739667,5.218216518,31.2,57.2,93.2,92.6,2140,2288,1677
Newcomb, Sean,,2018,160,81,23,0.226,3.90,87.6,13,4.2,31.9,77.496915089,4.890019016,24.7,54,93,93,2179,2683,1619
Richards, Trevor,,2018,130,54,23.8,0.253,4.42,88.3,14.9,6.1,36.3,77.641504261,5.486585284,25.7,62,90.7,90.7,2087,2038,2243
Wainwright, Adam,,2019,153,64,20.5,0.273,4.19,88.9,10.2,6.5,39.2,78.292462056,5.845111434,19,58.7,89.6,88,2238,2752,1769
Greinke, Zack,,2019,187,30,23.1,0.228,2.93,87.5,11,6.3,33.3,77.091723759,4.997307621,24.1,67.3,89.9,89.9,2318,2481,1779
Hamels, Cole,,2019,143,56,23.2,0.260,3.81,90.3,11.3,7.6,41.3,80.11781685,6.44789115,27.2,57.5,91.4,90.3,2036,2040,1713
Verlander, Justin,,2019,300,42,35.4,0.172,2.58,87.3,18.5,7.2,33.3,76.535831441,5.055670637,33.6,64.3,94.6,94.6,2577,2690,1866
Sanchez, Anibal,,2019,134,58,18.8,0.236,3.85,87,14.7,6.6,28.3,76.624751693,4.714450571,22.3,64.1,90.2,89.3,2251,2180,1670
Morton, Charlie,,2019,240,57,30.4,0.215,3.05,86.9,9.2,5,32.8,75.623727833,5.081770919,29.6,62.7,94.7,92.8,2237,2886,2124
Vargas, Jason,,2019,124,63,19.1,0.249,4.51,87.6,16.7,7.9,33.8,77.052852477,5.124975473,24,58.2,84.2,84.2,2220,2433,2208
Lester, Jon,,2019,165,52,21.6,0.294,4.46,88.6,12.2,7.4,34.7,78.141982472,5.604731689,21,58.9,90.6,89.1,2302,2606,1939
LeBlanc, Wade,,2019,92,31,17.3,0.291,5.71,89.4,13.9,7.8,39,78.812888571,6.094017679,22.1,67.3,86.3,85,1954,2272,1544
Scherzer, Max,,2019,243,33,35.1,0.222,2.92,87.6,13.5,6.6,35.5,76.796564853,5.26843887,33.8,70.4,94.9,94.2,2470,2472,1551
Arrieta, Jake,,2019,110,51,18.5,0.283,4.64,89.3,6.8,6.8,37.6,79.195905024,5.791637126,18,59,91.9,92.4,2197,2575,1730
Bailey, Homer,,2019,149,53,21.4,0.256,4.57,90.3,13.8,5.7,39.8,80.708617191,6.243590043,24.1,63.6,93,92.9,2090,1872,1125
Happ, J.A.,,2019,140,49,20.6,0.258,4.91,89.2,13.7,8.3,37.5,79.019139333,5.794312004,23.6,58.7,92,91.3,2262,2191,1715
Lynn, Lance,,2019,246,59,28.1,0.243,3.67,87.9,13.8,5.9,33.8,77.48156893,5.230290407,28.5,62.7,94.6,93.2,2467,2352,1811
Nova, Ivan,,2019,114,47,14.1,0.303,4.72,88.8,10.7,7.2,38.4,77.427465176,6.102419968,18.4,60.7,92.5,91.3,2180,2258,2000
Anderson, Brett,,2019,90,49,12.1,0.265,3.89,89.6,5,7.3,40,78.996192736,6.183617343,17,59.2,89.4,90.3,1867,2386,1481
Kershaw, Clayton,,2019,189,41,26.8,0.222,3.03,88.7,11.8,6.6,34.1,78.595967339,5.45842669,27.4,67.6,90.3,90.3,2477,2606,2210
Cashner, Andrew,,2019,108,58,17,0.253,4.68,89.7,10.3,7.7,41,79.419470996,6.166951818,22.5,54.9,93.9,93.8,2194,2299,1545
Miley, Wade,,2019,140,61,19.4,0.254,3.98,87.5,8.3,4.3,32.5,76.949157521,5.08191824,22.8,55.8,90.8,88.3,2229,2425,1869
Quintana, Jose,,2019,152,46,20.4,0.282,4.68,90,11.1,5.7,37.9,80.580937899,5.957980447,20.9,62.4,91.4,91.4,2000,2215,1287
Pineda, Michael,,2019,140,28,23.3,0.253,4.01,89.7,16.9,7.3,37.4,79.732935764,5.936582759,25.5,64.4,92.5,92.5,1998,2012,1864
Minor, Mike,,2019,200,68,23.2,0.244,3.59,86.9,16.5,7,30.4,76.162254845,4.844435876,26.2,61.1,92.5,92.5,2650,2660,2287
Archer, Chris,,2019,143,55,27.2,0.249,5.19,89.4,14.4,10.5,39.5,78.484095414,6.280519936,29.5,61.4,94.1,94,2259,2617,1642
Gibson, Kyle,,2019,160,56,22.7,0.275,4.84,88.3,7.1,7.5,37.8,76.984740798,5.893180021,29.2,63.7,93.4,93.3,2139,2475,1660
Samardzija, Jeff,,2019,140,49,18.9,0.225,3.52,89.5,16.9,8.3,37.7,79.575589554,5.884060149,19.9,61,91.6,90.8,2559,2455,1446
Leake, Mike,,2019,127,27,15.2,0.286,4.29,90.7,11.6,8.8,42.9,80.453543825,6.685339864,18,63.5,88.6,87.6,2131,2533,1719
Anderson, Chase,,2019,124,50,20.9,0.240,4.21,87.3,19.6,6.3,32.9,76.388470622,5.149145896,23.4,62.3,93.3,92.7,2215,2171,2311
Darvish, Yu,,2019,229,56,31.3,0.213,3.98,88.6,12.6,7.4,37.5,77.989468148,5.709835568,29.8,62.4,94.2,93.8,2549,2692,1533
Bumgarner, Madison,,2019,203,43,24.1,0.245,3.90,90.4,18.3,9,41.8,80.539498293,6.529638345,24.6,69.6,91.4,89.6,2441,2645,1638
Duffy, Danny,,2019,115,46,20.7,0.251,4.34,89.3,16.4,7.5,37.8,78.943805156,5.940234204,24.1,59.8,92.3,92.3,2232,2320,2295
Kelly, Merrill,,2019,158,57,20.3,0.260,4.42,89.9,12.5,9.5,40,79.658110873,6.334380656,22.3,58.6,92,91.3,2403,2683,2108
Porcello, Rick,,2019,143,45,18.6,0.278,5.52,88.4,15.7,9.4,37.6,77.370895674,5.734881261,17.9,67.7,91,90.4,2370,2660,1600
Sale, Chris,,2019,218,37,35.6,0.221,4.40,88.5,12.9,8.1,36.3,78.006804211,5.662111789,31.8,66,93.4,93.1,2363,2492,1965
Zimmermann, Jordan,,2019,82,25,16.3,0.311,6.91,90.3,12.6,9.5,38.4,80.705658177,6.125352396,20.3,63.7,90.5,90.4,2262,2318,1708
Perez, Martin,,2019,135,67,18.3,0.279,5.12,86.2,9.5,5.3,29.7,74.984020191,4.727144015,21.5,64.3,94.2,91.7,2178,2637,1795
Teheran, Julio,,2019,162,83,21.5,0.229,3.81,89,15.5,6.9,35.4,78.882257325,5.652615134,22.2,59.9,89.7,89.6,2352,2643,1704
Cole, Gerrit,,2019,326,48,39.9,0.186,2.50,87.6,14,5.9,35.5,76.678804977,5.320113158,37.2,64.3,97.1,97.1,2529,2736,1870
DeSclafani, Anthony,,2019,167,49,24,0.238,3.89,89.1,12.3,7.1,38.7,78.281595859,6.084247775,23.5,61.3,94.7,94.7,2196,2217,1535
Gray, Sonny,,2019,205,68,29,0.196,2.87,88.1,9.1,6.8,33.3,77.34451901,5.509332705,28.1,55.6,93.3,93.2,2497,2936,2040
Hendricks, Kyle,,2019,150,32,20.5,0.249,3.46,86.5,14.2,5.4,31.5,75.452932107,4.809975739,22,66.6,87.2,86.9,1987,2784,2115
Lyles, Jordan,,2019,146,55,24.4,0.243,4.15,89.9,15,8.1,41.3,80.158988095,6.055513148,23.9,63.5,92.6,92.6,2161,2454,1549
Odorizzi, Jake,,2019,178,53,27.1,0.234,3.51,89.2,18.1,7.8,36.2,79.410891068,5.679724672,27.7,58.4,92.9,91.1,2218,2253,1489
Roark, Tanner,,2019,158,51,21.9,0.275,4.35,89,15.5,8.4,37.3,78.472414874,5.904787242,20.8,57.3,92.1,92,2113,2436,1701
Strasburg, Stephen,,2019,251,56,29.8,0.210,3.32,87.9,7.8,6.1,33.8,77.367434479,5.302916673,30.5,63.6,93.9,93.8,2152,2767,1679
Bauer, Trevor,,2019,253,82,27.8,0.230,4.48,88.7,16.4,8.6,37.7,78.030029018,5.847217,29.3,59.6,94.5,91.8,2457,2626,1704
Tanaka, Masahiro,,2019,149,40,19.6,0.261,4.45,89,11,6,37.7,78.683374946,5.794504355,23.2,68.8,91.5,91.1,2108,2390,1589
Ryu, Hyun Jin,,2019,163,24,22.5,0.234,2.32,86.6,7.2,4.7,30.8,75.101874845,5.046409264,24.7,62,90.7,89.4,2064,2568,1487
Wheeler, Zack,,2019,195,50,23.6,0.258,3.96,87,12.3,5.3,32.4,75.98017,5.070746151,23,66,96.8,96.7,2299,2473,1736
Boyd, Matthew,,2019,238,50,30.2,0.247,4.56,89.2,19.5,8.8,35.3,79.446775975,5.584081614,31.1,64.5,92.1,92,2381,2363,1956
Corbin, Patrick,,2019,238,70,28.5,0.227,3.25,89.9,8.4,9.4,38.7,78.977153813,6.527443294,31.5,62.4,91.8,91.8,2227,2363,1646
Fiers, Mike,,2019,126,53,16.7,0.243,3.90,88.1,15.7,7.2,38.3,77.021922904,5.655507408,18.2,65.1,90.4,90.3,2297,2630,1933
Mikolas, Miles,,2019,144,32,18.8,0.272,4.16,88.5,10.3,6.1,36.6,77.882734945,5.621470874,21.5,65.7,93.7,93.6,2268,2455,1667
Paxton, James,,2019,186,55,29.4,0.242,3.82,89.2,17.6,7.4,38.5,78.768392552,5.979846684,30.7,65.7,95.4,93.6,2217,2013,2073
Stroman, Marcus,,2019,159,58,20.5,0.257,3.22,88.2,5.6,4.1,35.6,77.145629341,5.642928165,24.4,56.8,93,91.9,2453,2833,1927
Kikuchi, Yusei,,2019,116,50,16.1,0.295,5.46,89.2,12.3,7.7,39.1,78.574793106,6.039020928,19.9,59.2,92.5,92.5,2096,2333,1772
Gray, Jon,,2019,150,56,23.5,0.259,3.84,89.9,8.4,5.9,43.8,78.742396905,6.833960048,26.2,64.7,96,96,2060,2294,1559
Sanchez, Aaron,,2019,115,68,19,0.278,5.89,89.8,8.9,7.6,42.2,78.709968488,6.604615941,21.8,59.8,93.4,93.6,2248,2841,1811
Smith, Caleb,,2019,168,60,26,0.223,4.52,88.7,23.6,10.9,35.9,78.086403184,5.67771197,27.7,59.9,91.6,91.6,2425,2297,1918
Syndergaard, Noah,,2019,202,49,24.5,0.256,4.28,86.8,9.8,4.9,31.2,76.312662,4.673274768,26.8,65.9,97.8,97.6,2151,2219,1687
Williams, Trevor,,2019,113,44,17.8,0.284,5.38,88,17.2,8.3,35.6,77.24105181,5.41857625,22.1,62.6,91.7,91.3,2144,2205,1814
German, Domingo,,2019,153,39,25.8,0.228,4.03,89.4,15.2,8.8,40.1,78.974980455,6.057958608,28.2,62,93.4,93.5,2435,2599,2414
Rodriguez, Eduardo,,2019,213,75,24.8,0.253,3.81,86.3,9.3,5.9,29.7,75.387195387,4.672635517,27.4,63.4,93,91.9,2191,2252,2047
deGrom, Jacob,,2019,255,44,31.7,0.207,2.43,86.5,13.2,4.8,30.8,75.691489191,4.674544414,31.2,64.1,96.9,96.9,2385,2460,1702
Gonzales, Marco,,2019,147,56,17,0.264,3.99,88.3,14.7,4.9,35.2,77.912445506,5.493739367,18,65.7,88.9,87.6,2250,2346,2171
Beede, Tyler,,2019,113,46,21.6,0.271,5.08,91.3,11.5,8.4,44.3,81.635898483,6.938188282,26.1,65.6,94.2,94.2,2320,2250,1600
Junis, Jakob,,2019,164,58,21.3,0.276,5.24,90.1,12.7,8.6,41.2,80.168837313,6.223625504,22.6,61.6,91.7,91.5,2026,2490,1336
Norris, Daniel,,2019,125,38,20.5,0.275,4.49,90.9,11.7,8.8,43.3,80.671862557,6.909888856,22.9,64.4,90.8,90.7,2365,2518,1568
Bassitt, Chris,,2019,141,47,23,0.229,3.81,87.8,15,4.9,31.7,77.619143417,5.042677128,20.9,62.6,94,92.6,2187,2239,2057
Bundy, Dylan,,2019,162,58,23.1,0.256,4.79,88.2,14,5.9,31.9,78.252138085,5.062501128,28.1,61.7,91.1,91.2,2433,2519,1569
Lopez, Jorge,,2019,109,42,19.9,0.286,6.33,90.4,10.2,11.9,40.6,80.097219219,6.656118486,21.4,59.1,94.3,94.1,1917,2410,1574
Musgrove, Joe,,2019,157,39,21.9,0.254,4.44,88.9,11.7,6.4,38.7,78.298800906,5.889653787,24.5,65.6,92.7,91.9,2404,2519,2001
Nola, Aaron,,2019,229,80,26.9,0.233,3.87,89.2,9.2,6.8,39.5,78.647378213,5.936595657,26.5,62.4,93.1,92.8,2162,2574,1570
Turnbull, Spencer,,2019,146,59,22.3,0.267,4.61,89.6,9.6,6.7,40.7,78.858639213,6.367714074,24.7,59.6,93.6,93.8,2333,2493,1810
Means, John,,2019,121,38,19,0.234,3.60,87.5,20,6.8,30.7,77.25768382,4.937064678,22.1,63.3,91.7,91.7,2376,2298,2331
Fried, Max,,2019,173,47,24.6,0.270,4.02,89.2,4.3,4.4,39.1,78.499193718,6.017095085,25.7,64.1,93.8,93.8,2072,2737,1514
Giolito, Lucas,,2019,228,57,32.3,0.205,3.41,88.1,17.7,9.4,34.6,76.977268551,5.678942663,32.4,62.1,94.2,94.2,2333,2140,1563
Wacha, Michael,,2019,104,54,18.5,0.290,4.76,88.2,9.7,7.8,35.5,77.08827198,5.719873756,21.1,57.8,93,92.2,2046,2066,1606
Marquez, German,,2019,175,35,24.3,0.259,4.76,91.1,7.2,7.9,43.1,81.405430484,6.806133152,26.5,63.8,95.7,95.4,2207,2540,1969
Eflin, Zach,,2019,129,48,18.3,0.268,4.13,88.2,12,6.9,32.8,77.650030909,5.507853123,20.2,68.4,93.8,93.5,2149,2272,1787
Buehler, Walker,,2019,215,37,29.2,0.223,3.26,89.3,12.8,5.4,36.4,79.575999746,5.605811826,26.7,65.8,96.5,95.9,2491,2891,1516
Berrios, Jose,,2019,195,51,23.2,0.251,3.68,87,13.9,6.5,32,76.182677621,4.899373483,23.3,65.2,93.1,92.7,2156,2334,1705
Castillo, Luis,,2019,226,78,29,0.202,3.40,87.2,5.8,5.1,33.6,75.363934533,5.547291448,35.5,56.4,96.4,96.4,2130,2330,1972
Senzatela, Antonio,,2019,76,57,13.1,0.313,6.71,90.1,4.9,6.1,44,79.499558402,6.756131739,17.7,56.4,93.7,93.7,2102,2164,2059
Lopez, Reynaldo,,2019,169,65,20.9,0.278,5.38,88.8,17.7,7.6,38.3,77.750217553,6.030077252,24.7,60.1,95.4,95.4,2137,2109,1609
Maeda, Kenta,,2019,169,51,27.1,0.202,4.04,86.1,15.4,5.5,28.7,75.76472264,4.259687538,32.1,64.8,92.1,92.1,2282,2558,1522
Chirinos, Yonny,,2019,114,28,21.5,0.225,3.85,88.1,11.5,8.8,33.8,77.286390316,5.461512711,22.4,62.6,94.3,93.9,2280,2335,1294
Hudson, Dakota,,2019,136,86,18,0.245,3.35,89.3,3.3,6.8,38.8,78.019221192,6.329664942,23.6,56.1,93.9,93.6,2141,2364,1459
Keller, Brad,,2019,122,70,17.2,0.247,4.19,89.1,9.1,5.9,38.6,78.716659407,5.808015663,19.7,57.3,93.7,93.4,2223,2510,1706
Lauer, Eric,,2019,138,51,21.2,0.268,4.45,89.8,14.1,5.9,39.4,79.717407511,6.107362711,19.8,63.7,91.8,90.7,2215,2382,1982
Mahle, Tyler,,2019,129,34,23.2,0.266,5.14,89.2,9.4,7.5,37.6,78.882235217,5.890329103,23.2,68.3,93.3,92.9,2193,2595,1632
Sparkman, Glenn,,2019,81,41,13.4,0.296,6.02,90.8,14.2,7.7,41.8,80.897866008,6.720399391,17,61.7,93.4,93.4,2251,2453,2032
Yarbrough, Ryan,,2019,117,20,20.8,0.228,4.13,84.9,15.2,7,26.2,73.485222732,4.216714694,22.3,65.8,86.1,85.7,2101,2405,2123
Jurado, Ariel,,2019,81,36,15,0.304,5.81,90,9.6,10,43.1,79.497765362,6.447427821,18,62.8,93.1,92.4,1863,2178,1945
Brault, Steven,,2019,100,53,19.8,0.265,5.16,90.5,10.2,6.1,38.7,80.86345485,6.370441886,23.3,56.4,92.1,90.4,2055,2166,1582
Alcantara, Sandy,,2019,151,81,18,0.241,3.88,87.3,11.8,6.5,34.3,75.970808983,5.287329508,23.5,60.5,95.6,95.5,2374,2479,1923
Soroka, Michael,,2019,142,41,20.3,0.236,2.68,88.2,6.7,5.1,37.5,76.8236949,5.829988028,22.5,63.8,92.9,92.4,2231,2777,2177
Flaherty, Jack,,2019,231,55,29.9,0.192,2.75,86.6,15.5,6.9,30.3,75.452172447,4.865941078,30.7,60.4,94.3,93.8,2179,2423,1700
Thornton, Trent,,2019,149,60,22,0.259,4.84,88.2,16.8,7.4,37,77.236397904,5.623029103,24.4,60.2,92.9,91.6,2450,3077,1497
Paddack, Chris,,2019,153,31,26.9,0.204,3.33,87.8,15.7,7.1,32.5,77.771064032,5.012504663,24.7,71.3,93.9,93.9,2230,2145,1707
Bieber, Shane,,2019,259,40,30.2,0.230,3.28,90.6,12.6,8.5,43.3,80.813265602,6.463244267,30.6,65.3,93.1,93.1,2254,2341,1725
Richards, Trevor,,2019,127,56,21.9,0.249,4.06,88.5,17.8,6.4,34.7,78.384091047,5.359764724,26.3,58.5,90.8,89.7,2118,2228,2392
Wainwright, Adam,,2021,174,50,21,0.220,3.05,88.2,10,6.2,35.6,77.656330068,5.426713667,19.7,64.4,89,87.5,2295,2839,1715
Greinke, Zack,,2021,120,36,17.2,0.252,4.16,88.3,10.6,6.5,35.4,77.616197191,5.635624981,21.8,66,88.9,89,2224,2361,1594
Hill, Rich,,2021,150,55,22.7,0.235,3.86,88.3,18,8.9,34.8,77.366844465,5.717793953,23.1,62.5,88.1,87.7,2338,2696,1672
Morton, Charlie,,2021,216,58,28.6,0.203,3.34,88.1,7.7,4.9,32.5,77.626260088,5.368970396,28.9,58.2,95.5,94.1,2301,3053,2100
Lester, Jon,,2021,91,55,14.5,0.285,4.71,88.3,10.4,7.7,37.2,76.810550681,5.976799595,20,56.9,88.7,87.6,2189,2437,1737
Scherzer, Max,,2021,236,36,34.1,0.185,2.46,87.9,19.3,8,34.3,76.620696404,5.694755975,34.1,64.1,94.3,93.6,2441,2404,1446
Happ, J.A.,,2021,122,48,18.2,0.288,5.79,90.2,16.4,11.6,41.8,79.199376829,6.84715666,19.3,61.7,91,90.5,2244,2225,1657
Lynn, Lance,,2021,176,45,27.5,0.209,2.69,87.7,16,5.8,36,76.553069045,5.446171033,26.3,58.5,94,91.9,2414,2473,1776
Miley, Wade,,2021,125,50,18.1,0.265,3.37,85.7,8,6.1,34.2,73.012654016,5.173406821,23.7,57.8,89.9,86.6,2262,2342,1807
Minor, Mike,,2021,149,41,22.3,0.252,5.05,88.5,16.5,9.3,35.9,77.666560598,5.731220726,24.3,61.1,90.9,90.9,2544,2627,2237
Gibson, Kyle,,2021,155,64,20.6,0.234,3.71,88.8,7.4,4.9,39.1,78.008978053,5.968936756,24.9,59.4,92.8,91.7,2224,2485,1641
Darvish, Yu,,2021,199,44,29.2,0.222,4.22,88.2,16.6,8.8,34.9,78.08731436,5.203429953,27.3,60.6,94.5,94.1,2497,2770,1455
Bumgarner, Madison,,2021,124,39,20.2,0.242,4.67,88.8,18.5,7.5,38.5,78.472563241,5.804930325,21.5,64.5,90.4,88.2,2347,2463,1434
Harvey, Matt,,2021,95,37,16.3,0.299,6.27,89.5,13.3,7.9,40.9,78.820426091,6.314553841,18.9,63.9,93.4,93.2,2149,2420,1697
Kelly, Merrill,,2021,130,41,19.5,0.266,4.44,89,12.9,6.3,39.6,78.355076255,6.143832227,20.3,62.2,91.7,91.5,2317,2564,1969
Perez, Martin,,2021,97,36,19.1,0.296,4.74,88.6,10.2,9.3,42.2,77.076907017,6.223236796,19.3,62.6,93.4,91.5,2125,2459,1696
Anderson, Tyler,,2021,134,38,19.1,0.262,4.53,87,18.2,8.5,33,75.112696758,5.471536654,23.1,68.7,90.6,88.4,2357,2453,1835
Cole, Gerrit,,2021,243,41,33.5,0.223,3.23,88.7,12.5,9.8,38.6,77.565526758,6.105607466,31.9,66.8,97.7,97.7,2451,2683,1719
DeSclafani, Anthony,,2021,152,42,22.5,0.225,3.17,88.9,11.6,8.1,38.8,77.778434661,6.264522633,24,67,94.1,94,2194,2154,1583
Eovaldi, Nathan,,2021,195,35,25.5,0.253,3.75,88,12.8,6.3,36.4,76.964025856,5.6398384,25.9,65.3,96.8,95.9,2151,2116,1536
Gray, Sonny,,2021,155,50,27,0.225,4.19,86.6,8.8,4.7,32.1,74.857227022,5.192723315,26.1,59.1,92.3,92.3,2367,2685,1830
Hendricks, Kyle,,2021,131,44,16.7,0.278,4.77,86.3,11.1,8.4,33,74.205278373,5.217965246,20.1,67.8,87.3,87.3,1862,2844,2008
Lyles, Jordan,,2021,146,56,19,0.278,5.15,89.9,15.3,9.1,41.6,79.618644051,6.390029088,23.5,59.4,93,92.4,2278,2644,1595
Ryu, Hyun Jin,,2021,143,37,20.4,0.258,4.37,89.6,9.8,8.5,41.6,78.898751797,6.364837227,22.6,63.9,89.9,88.4,1965,2494,1511
Wheeler, Zack,,2021,247,46,29.1,0.215,2.78,84.6,8.4,4.6,28.5,71.902242948,4.688965373,26.5,66.8,97.2,97,2331,2466,1590
Corbin, Patrick,,2021,143,60,19,0.286,5.82,89.4,9,9.2,41.2,78.148020906,6.634299585,24.8,66,92.3,92.4,2123,2205,1619
Heaney, Andrew,,2021,150,41,26.9,0.256,5.83,89.3,18.5,9.4,40.8,78.778524327,6.070027126,28.2,67,92,92,2443,2571,2035
Richards, Garrett,,2021,115,60,18.6,0.289,4.87,91.1,10.6,8.5,47.8,80.140899724,7.493330023,22.4,59.4,94.3,94.3,2468,2867,1695
Keuchel, Dallas,,2021,95,59,13.2,0.290,5.28,88.3,5,9,39.8,76.12819018,6.346269387,21,59.4,89,86.8,2078,2374,1630
Stroman, Marcus,,2021,158,43,21.7,0.242,3.02,89.1,6.3,6.5,42,77.468444661,6.596511195,26.7,62.1,92.6,91.4,2367,2674,1634
Kikuchi, Yusei,,2021,163,62,24.5,0.243,4.41,91.9,7.9,11,47,81.841853023,7.503867744,27.7,62.9,95.1,93.2,2257,2404,1452
Foltynewicz, Mike,,2021,97,36,16.6,0.260,5.44,89.8,16.1,9.2,43,78.83503621,6.822570228,18.3,61.8,93.8,93.5,2131,2388,1779
Gausman, Kevin,,2021,227,50,29.3,0.210,2.81,89.1,12.1,7.1,40.9,77.914911777,6.447687867,31.3,63.6,94.6,94.6,2283,2197,1542
Gray, Jon,,2021,157,58,24.4,0.245,4.59,89,9.5,6.9,38.2,77.826462115,6.242232699,26.7,64.3,94.9,94.9,2152,2434,1454
Ray, Robbie,,2021,248,52,32.1,0.210,2.84,90.4,17.6,9.8,43.1,79.567923906,6.918518906,32.3,61.6,94.8,94.8,2272,2176,1726
Taillon, Jameson,,2021,140,44,23.2,0.238,4.30,88.9,20.9,8.2,40.4,78.104083561,6.067212738,26.4,62.9,93.9,93.6,2413,2635,1868
Walker, Taijuan,,2021,146,55,22.3,0.225,4.47,89.1,12.4,10,39.4,78.125196864,6.202828841,23.4,64.1,94.5,94.2,2062,2400,1516
Montas, Frankie,,2021,207,57,26.6,0.232,3.37,89.3,11.6,8.7,42.3,77.996835422,6.578879859,29.6,65.2,96.4,95.7,2362,2478,1595
Rodriguez, Eduardo,,2021,185,47,27.4,0.277,4.74,86.5,12.3,6.8,33.6,74.680898539,5.136941396,26.3,63.6,92.5,91.5,2170,2140,1884
Gonzales, Marco,,2021,108,42,18.5,0.234,3.96,88.1,20.6,11.4,37,76.738034225,5.854091103,20.4,62.7,88.4,87.7,2137,2282,2184
Pivetta, Nick,,2021,175,65,26.5,0.234,4.53,89.7,16.7,8.2,40.4,79.550170728,6.069247816,24.6,63.4,94.8,94.8,2294,2526,1867
Bassitt, Chris,,2021,159,39,25,0.218,3.15,87.6,12.5,6.5,33.2,76.721820704,5.226240235,23.8,61.9,93.2,91.9,2156,2330,1958
Houser, Adrian,,2021,105,64,17.5,0.228,3.22,87.1,1.4,5,36,75.186798293,5.596799317,18.4,58.8,94.1,93.7,2065,1959,2066
Lopez, Jorge,,2021,112,56,20.2,0.293,6.07,89.7,5.7,9.3,43.5,77.778090802,7.190768235,20.6,56.6,95.3,95.3,1971,2350,1614
Musgrove, Joe,,2021,203,54,27.1,0.213,3.18,87.8,11.6,7.2,38.5,76.746073648,5.540208734,29.3,60.8,93.3,92.2,2599,2795,2069
Nola, Aaron,,2021,223,39,29.8,0.237,4.63,88.9,14.4,7.1,37.4,78.080159789,6.04703055,27.9,66.6,92.9,92.5,2181,2529,1511
Snell, Blake,,2021,170,69,30.9,0.214,4.20,89.3,12.5,11,41.2,78.2789814,6.3982398,31.6,57.6,95.1,95.1,2399,2361,1731
Woodruff, Brandon,,2021,211,43,29.8,0.200,2.56,86.2,10.6,5.8,32.7,73.412163318,5.487917153,28.2,66,96.5,96.4,2326,2613,1906
Rodon, Carlos,,2021,185,36,34.6,0.189,2.37,89.2,18.7,6.6,36.2,78.535401267,6.0230923,33.2,58.6,95.4,95.4,2293,2441,1673
Fedde, Erick,,2021,128,48,21.7,0.275,5.47,89.8,7.3,9.3,40.6,78.493197525,6.762373089,21.9,62.8,93.2,92.3,1940,2282,1546
Freeland, Kyle,,2021,105,38,20.4,0.284,4.33,88.4,11.4,8.2,35.3,77.517810387,5.669716713,21.1,60.4,91.4,91.4,2384,2377,1543
Means, John,,2021,134,26,22.7,0.224,3.62,87.9,20.3,10.1,37.8,76.212260806,5.845537607,25.3,69.3,92.8,92.8,2399,2294,2256
Fried, Max,,2021,158,41,23.7,0.227,3.04,86.5,6.1,6.3,34.3,74.686843214,5.192413445,24.3,64.6,94,93.8,2087,2574,1411
Giolito, Lucas,,2021,201,51,28,0.219,3.53,87.7,18.3,6.7,34.2,76.832555895,5.323217926,32.2,59.9,93.8,93.8,2345,2069,1492
Irvin, Cole,,2021,125,42,16.3,0.275,4.24,89.3,16.2,7.3,39.3,78.890512423,6.048238838,19.2,65.2,90.8,90.7,1934,2017,1584
Wacha, Michael,,2021,121,31,22.9,0.270,5.05,89.9,13.3,10.5,43,78.633480815,6.870366576,23,68.8,93.8,92,2080,2191,1554
Marquez, German,,2021,176,64,23.3,0.242,4.40,88.9,5.2,5.3,39.3,78.131276787,6.098144266,27,57.8,94.8,94.7,2075,2526,1670
Quantrill, Cal,,2021,121,47,19.6,0.234,2.89,87.6,12.2,6.8,34.5,76.458777056,5.412109321,21.9,65.6,94.4,92.3,2142,2330,1354
Kaprielian, James,,2021,123,41,24.5,0.233,4.07,90.1,19,9.3,42.3,79.698083497,6.616206074,27.2,59.2,93,92.9,2029,2328,1291
Buehler, Walker,,2021,212,52,26,0.199,2.47,88.2,11.1,6.8,37.1,76.924388075,5.913201664,26.3,65.4,95.3,94.4,2493,2829,1522
Mills, Alec,,2021,87,34,16.8,0.291,5.07,88.3,7.8,4.9,39.3,77.083020524,5.926398766,18.3,65.2,88.7,89,2160,2433,1746
Berrios, Jose,,2021,204,45,26.1,0.223,3.52,88.4,12.4,9.1,38.3,76.730793307,6.151290078,23.7,64.5,94.1,93.9,2180,2338,1521
Castillo, Luis,,2021,192,75,23.9,0.255,3.98,87.7,4.2,4.5,36.9,76.302691128,5.565481809,28.7,59.6,97.1,97.2,2242,2441,1971
Senzatela, Antonio,,2021,105,32,15.7,0.287,4.42,90.4,8.1,5.9,42.7,79.742400117,6.861867695,19.5,64,94.6,94.6,2097,2095,2016
Flexen, Chris,,2021,125,40,16.9,0.268,3.61,89.5,11.5,6.3,38.1,79.435135442,6.030639187,19.2,63.4,92.8,91.2,2188,2708,1326
Urias, Julio,,2021,195,38,26.2,0.219,2.96,86,15.5,5.3,30.3,74.37826752,4.763477541,24.1,70.7,94.1,94.1,2499,2885,1921
Crowe, Wil,,2021,111,57,21.2,0.276,5.48,88.8,13.7,9.4,37.1,77.981150289,5.994251763,25.3,54.2,93.7,93.5,2361,2633,1714
Manaea, Sean,,2021,194,41,25.7,0.255,3.91,90.2,13.3,8,41.2,79.634341937,6.771894139,27.1,66.6,92.1,92.1,1996,2010,1372
Alzolay, Adbert,,2021,128,34,24.7,0.236,4.58,89.3,10.8,9.9,38.1,78.271738353,6.334088529,26.8,63.8,94,93.4,2259,2611,1705
Dunning, Dane,,2021,114,43,22.3,0.275,4.51,89.2,6.7,8.1,43.5,77.886593699,6.650115246,23.2,63.4,90,89.8,2057,2071,1935
Keller, Brad,,2021,120,64,19.6,0.297,5.39,90,7.9,10.9,45,78.653706172,7.050376316,22.2,59.4,94.2,93.9,2252,2582,1998
Mahle, Tyler,,2021,210,64,27.7,0.234,3.75,87.8,13.3,6.5,34.3,77.107022328,5.357444017,28.4,63.9,94,93.4,2344,2535,1842
Yarbrough, Ryan,,2021,117,27,17.9,0.267,5.11,84.8,17.3,7.8,28.2,72.605645569,4.517574959,21.1,64.9,84.3,83,2047,2270,2027
Peralta, Freddy,,2021,195,56,33.6,0.165,2.81,86.6,21.4,6,31.8,75.491273974,4.848436603,34.1,61.7,93.4,93.4,2369,2250,1621
Alcantara, Sandy,,2021,201,50,24,0.223,3.19,87.6,4.5,6.1,39.4,75.365831333,5.983632175,27.3,64,98.1,97.8,2287,2363,2005
Cease, Dylan,,2021,226,68,31.9,0.223,3.91,89.2,18.5,9.9,38.8,78.65144905,6.13969505,34.6,58.3,96.7,96.7,2543,2838,1641
Montgomery, Jordan,,2021,162,51,24.5,0.250,3.83,87.9,12.1,7.4,36.5,76.20211733,5.84232457,29,66.9,92.6,91.1,2257,2246,1704
Webb, Logan,,2021,158,36,26.5,0.234,3.03,88.1,-0.5,5.6,38.8,76.488039278,6.013392268,28.7,66.6,93.2,92.8,1957,2688,1475
Ohtani, Shohei,,2021,156,44,29.3,0.207,3.18,88.4,11.7,7.1,39.9,76.761769308,6.113869591,28.9,58,95.6,93.7,2227,2352,1360
Bubic, Kris,,2021,114,59,20.5,0.248,4.43,88.8,9.1,9,39.6,77.282799734,6.2339008,23.4,55.4,90.9,90.9,2073,2619,1604
Allard, Kolby,,2021,104,31,19.5,0.258,5.41,89.8,15.2,10.6,39,78.973263622,6.487751049,19.8,60.5,91.5,89.7,2147,1896,1606
Mize, Casey,,2021,118,41,19.3,0.234,3.71,89.1,9.3,10,40,77.920382182,6.371120888,22.6,62.3,93.9,93.6,2112,2231,1103
McClanahan, Shane,,2021,141,37,27.3,0.252,3.43,91.7,8.5,10.7,45.7,80.852535212,7.640838697,32,64.4,96.4,96.4,2256,2481,1725
Singer, Brady,,2021,131,53,22.4,0.281,4.91,88.5,7,5.6,37.6,77.036143333,6.101839871,25.1,55.8,92.7,93.7,2271,2393,2015
Brubaker, JT,,2021,129,37,24,0.254,5.36,88.9,12.6,8.8,38.7,77.573203371,6.269267662,27.3,61.8,92.9,93.1,2222,2683,1885
Valdez, Framber,,2021,125,58,21.9,0.220,3.14,90.8,-5.5,5.8,44.4,80.442401862,6.90935976,26,54.2,92.1,92.4,2172,2873,1498
Anderson, Ian,,2021,124,53,23.2,0.221,3.58,88.3,6.4,9.5,38.7,76.277428889,6.247479971,28.5,58.9,94.6,94.6,2045,1895,1646
Plesac, Zach,,2021,100,34,16.7,0.248,4.67,90.6,12.1,9.4,43.4,80.35574652,6.850298013,23.1,65.9,92.8,92.8,2047,1985,1599
Gallen, Zac,,2021,139,49,26.6,0.233,4.30,89.2,12.3,7.9,43,78.810645679,6.106073611,23.3,61.6,93.4,93,2314,2450,1476
Burnes, Corbin,,2021,234,34,35.6,0.201,2.43,85.5,8.4,3.1,30.5,73.534577884,4.749467427,36.5,62.4,96.4,95.5,2733,2865,1873
Gilbert, Logan,,2021,128,28,25.4,0.241,4.68,90.1,19.2,8.8,44.6,79.708084675,6.684913828,27.1,62.2,95.3,95.3,2200,2239,1555
Skubal, Tarik,,2021,164,47,25.9,0.245,4.34,90.5,14.1,13.9,45.1,78.79621285,7.450602833,26.7,64.2,94.3,94.4,2152,2097,1431
Rogers, Trevor,,2021,157,46,28.5,0.218,2.64,87.7,12.5,5,36.7,75.956438563,5.768583563,30.7,56.9,94.5,94.5,2375,2115,1323
Garcia, Luis,,2021,167,50,26.4,0.232,3.48,88.1,15.9,7.3,38.7,76.559569069,5.917835637,30.5,59.9,93.3,90.9,2362,2327,1909
Wainwright, Adam,,2022,143,54,17.8,0.261,3.71,87.8,11,6.5,36.6,76.636927659,5.594969883,16.9,62.6,88,86.8,2290,2776,1765
Greinke, Zack,,2022,73,27,12.5,0.286,3.68,88.9,12.6,6.8,39.6,78.554945625,5.738299354,17.3,64.8,89.2,88.3,2305,2437,1644
Verlander, Justin,,2022,185,29,27.8,0.186,1.75,87.8,16.9,6.3,34.8,77.135794344,5.330588186,24.2,62,95,95,2423,2536,1756
Kluber, Corey,,2022,139,21,20.2,0.274,4.34,87.1,18.5,6.9,34.7,75.470981451,5.389888686,23.9,68.4,88.9,87.5,2292,2526,1653
Hill, Rich,,2022,109,37,20.7,0.258,4.27,88.2,14.9,8.2,34,77.422953459,5.666610461,22,63.3,88.5,87.4,2257,2612,1882
Morton, Charlie,,2022,205,63,28.2,0.233,4.34,89.3,13.6,9.5,42.1,78.111657215,6.430490297,29.2,58.7,94.9,93.7,2368,3068,2154
Scherzer, Max,,2022,173,24,30.6,0.207,2.29,87.8,21.3,8.4,33.9,76.73944477,5.468018937,30.6,66.4,94,93.2,2387,2433,1399
Cueto, Johnny,,2022,102,33,15.7,0.267,3.35,87.7,13.3,7.3,35.9,76.293622421,5.65877503,17.6,66.7,91.4,90,2156,2230,1325
Lynn, Lance,,2022,124,19,24.2,0.247,3.99,88.4,14.2,6.7,38.7,77.366721573,5.833569944,28.5,65.4,92.9,91.5,2474,2510,1864
Carrasco, Carlos,,2022,152,41,23.6,0.272,3.97,88.4,9.7,7,39.5,76.28136711,6.446088119,27.6,68.4,93.2,92.9,2253,2486,1320
Quintana, Jose,,2022,137,47,20.2,0.246,2.93,86.5,9.9,5.5,35.8,74.438826914,5.299908909,23.8,61.6,91.2,91.3,2075,2261,1319
Gibson, Kyle,,2022,144,48,20.1,0.268,5.05,88.6,10.6,7.5,37.5,77.435542039,5.992252392,25.1,58.9,92,90.9,2241,2499,1621
Cobb, Alex,,2022,151,43,23.9,0.262,3.73,89.2,1.8,3.7,41.1,78.451360236,6.153661087,24.8,64.5,95.3,94.8,2091,2610,1578
Darvish, Yu,,2022,197,37,25.6,0.207,3.10,88.5,17,8.8,37.1,77.848459808,5.614823873,25.1,64.2,95,94.4,2402,2754,1302
Bumgarner, Madison,,2022,112,49,16,0.281,4.88,90.3,16.8,9.8,43.2,79.789796,6.764788192,18.1,61.7,91.2,89.2,2250,2303,1480
Kelly, Merrill,,2022,177,61,22,0.226,3.37,88.5,14,8.3,36.5,77.983406942,5.653412973,23.6,62.4,92.6,92.1,2312,2548,2160
Perez, Martin,,2022,169,69,20.6,0.241,2.89,88.2,8.1,4.3,34.9,77.422939036,5.581278732,21,62.6,92.7,91.6,2082,2481,1661
Anderson, Tyler,,2022,138,34,19.5,0.221,2.57,85,16.9,4.9,28.5,73.22844707,4.353431738,24.2,66.1,90.7,88.9,2293,2141,1848
Cole, Gerrit,,2022,257,50,32.4,0.209,3.50,89.4,12.6,9.5,40.2,78.808854118,6.227606134,33.9,61.5,97.8,97.1,2434,2637,1616
Lyles, Jordan,,2022,144,52,18.6,0.276,4.42,88.6,15.3,10.4,38.8,77.398185352,6.093867266,21.9,61.4,91.8,91.1,2180,2565,1465
Stripling, Ross,,2022,111,20,20.7,0.229,3.01,88.9,12.2,9.2,37.2,78.1802297,5.892214687,23.5,70.3,91.9,91.5,2102,2324,1680
Wheeler, Zack,,2022,163,34,26.9,0.221,2.82,85.9,11.4,7.7,34.5,73.07377575,5.389151153,25.1,67.2,95.9,95.8,2341,2519,1557
Corbin, Patrick,,2022,128,49,18,0.321,6.31,90.8,11.5,11,45,80.234807519,7.073503499,20.7,69,92.1,92.6,2085,2184,1629
Mikolas, Miles,,2022,153,39,19,0.226,3.29,87.8,11,6.9,36,76.747856744,5.485106739,18.5,63.4,93.5,93.3,2265,2460,1575
Stroman, Marcus,,2022,119,36,20.9,0.234,3.50,89,7,6.6,40.7,77.846592759,6.278064236,22.4,66.8,92.6,91.7,2335,2676,1715
Gausman, Kevin,,2022,205,28,28.3,0.272,3.35,89,12.2,8.1,38.5,78.199092336,6.021611581,29.4,68,95,95,2265,2206,1567
Gray, Jon,,2022,134,39,25.7,0.222,3.96,88,11.1,6.1,38,76.503695765,5.824895221,25.9,67.6,95.9,95.9,2015,2480,1455
Ray, Robbie,,2022,212,62,27.4,0.231,3.71,89.7,14.7,7.9,39.1,79.38448151,6.312919224,30,64.4,93.4,93.4,2250,2186,1759
Syndergaard, Noah,,2022,95,31,16.8,0.263,3.94,87.1,12.3,7.8,34,75.988664419,5.163365268,20.1,65.3,94.1,93.8,2129,2146,1536
Taillon, Jameson,,2022,151,32,20.7,0.246,3.91,88.5,14.5,8.3,36.2,77.238196617,6.010264444,23,63.7,94.1,93.4,2387,2634,1844
Walker, Taijuan,,2022,132,45,20.3,0.240,3.49,89.3,11.3,7.3,40.6,78.839771783,6.008313978,23.6,62.7,93.7,92.8,2144,2341,1447
Montas, Frankie,,2022,142,43,23.4,0.249,4.05,87.6,11.2,8,34.2,76.306548529,5.491065135,27.6,60.9,96.1,94.9,2320,2410,1467
Gonzales, Marco,,2022,103,50,13.2,0.271,4.13,86.7,14.5,7.2,35,74.968575987,5.265151588,18.3,63.1,88.4,87.6,2001,2114,2114
Gomber, Austin,,2022,95,34,18,0.281,5.56,88.1,12.4,8.5,35.9,77.125217041,5.700422959,21.9,59.2,91,91,2156,2435,1644
Pivetta, Nick,,2022,175,73,22.6,0.253,4.56,90.7,15.2,9,45.6,80.450207336,6.88258417,23.5,60,93.4,91.6,2306,2688,1169
Bassitt, Chris,,2022,167,49,22.4,0.234,3.42,85.7,10.8,6.6,32.8,73.740095781,4.802733268,23.6,60.9,93.2,91.9,2172,2331,1824
Bundy, Dylan,,2022,94,28,15.8,0.271,4.89,88.9,18.6,8.9,38.3,77.751138412,6.198384485,21.1,67.9,89,89.1,2329,2325,1361
Davies, Zach,,2022,102,52,17.9,0.241,4.09,87.4,13,8,34.5,75.6872467,5.596934025,21.4,55.8,87.4,89.4,2091,2571,1672
Musgrove, Joe,,2022,184,42,24.9,0.227,2.93,86.4,11.7,6,32.5,74.717480366,5.048084318,25.5,64.5,92.9,91.8,2551,2718,1972
Nola, Aaron,,2022,235,29,29.1,0.219,3.25,87.7,12.5,7.1,31.6,77.465376008,5.044162015,27.9,70.1,92.8,91.9,2262,2589,1482
Snell, Blake,,2022,171,51,32,0.216,3.38,90.1,17.1,7.4,39.5,80.401602903,6.174611489,32.8,64.7,95.8,95.8,2434,2354,1899
Springs, Jeffrey,,2022,144,31,26.2,0.222,2.46,87.5,14.9,5.9,37.7,75.940205,5.586356984,29.5,64.1,91.4,91.4,2255,2188,1415
Thompson, Zach,,2022,90,46,16.6,0.280,5.18,88.3,11.3,6.4,39.6,76.8896006,5.9244305,24,63,92.3,89.6,2431,2244,1864
Woodruff, Brandon,,2022,190,42,30.6,0.215,3.05,88.8,16.8,7.1,37.5,77.94720367,5.983244202,31.1,65.6,96.3,96.1,2327,2455,2008
Rodon, Carlos,,2022,237,52,33.4,0.202,2.88,89,19.4,6.5,39.8,79.131004203,5.698768499,31.2,61.5,95.5,95.5,2349,2448,1757
Freeland, Kyle,,2022,131,53,17.1,0.281,4.53,89.8,12.7,9.7,42.4,79.406275786,6.45487619,20.8,61.9,90.3,90,2374,2407,1478
Fried, Max,,2022,170,32,23.2,0.225,2.48,86.2,7.6,4,32.1,74.476912412,4.996220039,25.9,61.7,94,93.9,2108,2584,1411
Giolito, Lucas,,2022,177,61,25.4,0.272,4.90,88.8,12.6,7.5,39,77.642930485,6.18580163,28.5,61.3,92.6,92.6,2172,2006,1448
Irvin, Cole,,2022,128,36,17.3,0.251,3.98,89.4,15.5,9.6,39.5,79.40257422,5.912507513,20.5,66.8,90.7,90.4,1965,2074,1553
Wacha, Michael,,2022,104,31,20.2,0.233,3.32,88.2,12.8,9.6,35.4,76.73331,5.926884205,20.7,60.8,93,91.8,2089,2173,1583
Marquez, German,,2022,150,63,19.3,0.263,4.95,90.5,9.1,7.1,47.2,80.242384122,6.974977437,23,65.1,95.6,95.4,2126,2486,1595
Quantrill, Cal,,2022,128,47,16.6,0.254,3.38,87.6,13.8,7.5,35.7,76.145610174,5.608907247,18.5,64,93.4,91.4,2164,2447,1532
Kaprielian, James,,2022,98,59,17,0.239,4.23,88.4,16.9,8,36.4,77.851013366,5.618519098,21.2,58.1,94,94,1999,2364,1365
Berrios, Jose,,2022,149,45,19.8,0.288,5.23,90,13.9,9.5,43.8,79.057235,6.764961466,21.2,66.1,94,93.9,2180,2285,1522
Castillo, Luis,,2022,167,45,27.2,0.212,2.99,89,10.4,6.9,37.6,78.443293679,6.004473005,27.8,61.1,97.1,97,2274,2422,1937
Flexen, Chris,,2022,95,51,16.1,0.250,3.73,89.1,18.4,9,40,78.17888445,6.165946851,21.7,58.9,91.7,89.8,2233,2573,1309
Suarez, Ranger,,2022,129,58,19.5,0.249,3.65,87.5,5.1,6.8,34.9,75.98613931,5.554240323,21.3,57.6,93.2,92.3,1918,2190,1518
Urias, Julio,,2022,166,41,24.1,0.199,2.16,86.7,17.2,6.7,30.4,75.838974487,4.831563148,23.7,66.6,93.1,93.1,2521,2914,1950
Manaea, Sean,,2022,156,50,23.2,0.254,4.96,90.3,16.3,9.1,42.9,80.031482379,6.542852357,25.5,63.8,91.3,91.2,2004,2025,1439
Lopez, Pablo,,2022,174,53,23.6,0.234,3.75,87.9,11,9,35.1,76.341792771,5.754029819,28.1,62.9,93.6,92.7,2173,2495,1965
Cortes Jr., Nestor,,2022,163,38,26.5,0.189,2.44,87.9,19.2,5.3,34.7,77.302580728,5.293066165,24.4,67.3,91.8,89.9,2309,2519,1330
Dunning, Dane,,2022,137,62,20.4,0.268,4.46,87.9,5.4,8.9,38,75.651708018,6.089395066,24.4,59.6,88,88.9,2039,2081,1860
Hudson, Dakota,,2022,78,61,13.1,0.273,4.45,89,6.3,6,40.4,77.569535561,6.410242899,17.6,59.2,91.4,91.7,2096,2386,1458
Keller, Brad,,2022,102,57,16.5,0.277,5.09,89.3,6.7,6.6,41.4,78.15085467,6.3547437,21.5,54.1,94.5,94.1,2324,2541,1569
Kuhl, Chad,,2022,110,58,17.8,0.284,5.72,90.5,15.8,9.7,44.6,79.624909136,7.09870475,23.6,59.6,92.9,92.8,2134,2619,1699
Lauer, Eric,,2022,157,59,23.8,0.228,3.69,88.8,17.7,8,38,78.142811567,5.894195219,24.2,62,93.3,92.2,2283,2340,1745
Mahle, Tyler,,2022,126,43,25,0.230,4.40,88.7,17.9,7.5,38.3,78.299761636,5.700623708,26.8,61.6,93.2,91.7,2313,2496,1896
Alcantara, Sandy,,2022,207,50,23.4,0.212,2.28,87.8,5.5,5.3,38.5,76.106105279,5.947545934,25.4,62.5,98,97.9,2246,2355,2056
Cease, Dylan,,2022,227,78,30.4,0.190,2.20,86.8,15,6.2,31.2,75.92510977,4.882995645,33.2,58.2,96.8,96.8,2507,2800,1720
Keller, Mitch,,2022,138,60,20.1,0.266,3.91,87.9,7.8,7.1,37.3,75.977615149,6.085242574,21.4,56.8,95.5,95.1,2400,2605,1632
Montgomery, Jordan,,2022,158,36,21.8,0.235,3.48,88.5,9.8,7.1,37.5,77.803436381,5.693936452,27.4,65.7,93,92.7,2252,2263,1678
Steele, Justin,,2022,126,50,24.6,0.244,3.18,87.1,7.5,3.9,33.7,76.154969451,5.104023578,24,59.8,92.2,92.1,2483,2676,1697
Wright, Kyle,,2022,174,53,23.6,0.232,3.19,89,4.4,6.8,41.1,77.914176275,6.364285538,26.3,64.6,95.1,94.7,2316,2665,1699
Otto Jr., Glenn,,2022,107,62,18.2,0.236,4.64,89,13.2,8.9,38.1,78.076395377,6.125946599,23.1,53.5,92.1,92.2,2249,2545,1681
Webb, Logan,,2022,163,49,20.7,0.240,2.90,88.9,3.1,5.5,39,78.053770216,6.043291367,24,65.3,92.4,91.9,1898,2628,1493
Ryan, Joe,,2022,151,47,25,0.211,3.55,88.2,24.2,8.6,35.4,77.492050718,5.601724154,25.6,64.4,92,92,2194,2211,2087
Ohtani, Shohei,,2022,219,44,33.2,0.203,2.33,87.1,14.5,6.3,33.2,76.028692589,5.179293104,33,60.6,97.3,95.8,2231,2491,1274
Bubic, Kris,,2022,110,63,18.7,0.306,5.58,90,10.7,7.8,44.9,78.945354653,6.901166658,21.3,58.9,91.9,91.9,2134,2609,1690
McClanahan, Shane,,2022,194,37,30.3,0.194,2.54,87.6,8.3,6.4,32.6,76.838288308,5.270402693,34.3,62.8,96.7,96.7,2233,2517,1732
Lynch, Daniel,,2022,122,52,20.3,0.290,5.13,91.2,12.8,8.8,47.7,80.584255481,7.400197788,25.4,58.9,94,94,2120,2033,1670
Sandoval, Patrick,,2022,151,60,23.7,0.246,2.91,87.3,11.4,5.7,34,76.418262961,5.079175728,29.5,58,93.1,93.2,1994,2606,1608
Singer, Brady,,2022,150,35,24.2,0.246,3.23,89.3,8.6,8.2,40.9,78.537617019,6.198156795,22.9,60.2,92.6,93.7,2297,2341,2229
Brubaker, JT,,2022,147,54,22.8,0.271,4.69,89.6,10.8,7.6,41.3,78.589671843,6.550554573,27.3,63.9,92.7,93.1,2266,2707,1880
Valdez, Framber,,2022,194,67,23.5,0.223,2.82,89.8,-3.6,5.8,41.6,78.817299816,6.706992647,25.6,59.3,94.1,92.1,2279,2848,1631
Javier, Cristian,,2022,194,52,33.2,0.170,2.54,88.4,25.4,7.2,33.6,78.619212378,5.183498502,30.4,55.9,93.8,93.8,2354,2682,2220
Urquidy, Jose,,2022,134,38,19.7,0.244,3.94,89.7,17.2,9.4,40.8,79.048289799,6.325262048,22.3,65.5,93.5,93,2227,2626,2006
Kremer, Dean,,2022,87,34,17,0.262,3.23,88.4,14.7,7.3,39.2,76.970003579,6.020185237,22.2,65.2,93.5,90.9,2327,2697,1580
Manoah, Alek,,2022,180,51,22.9,0.202,2.24,87.5,16.9,5.4,31.5,77.162472322,4.941560807,24.8,61.8,93.9,93.6,2295,2216,1980
Plesac, Zach,,2022,100,38,17.6,0.260,4.31,89.5,13,9.6,41.5,78.809965782,6.240411663,22,61.4,91.9,91.9,2150,2142,1628
Gallen, Zac,,2022,192,47,26.9,0.186,2.54,87.8,10.8,7.8,36.1,76.866627074,5.452634902,23,64.6,94.1,93.1,2421,2515,1539
Greene, Hunter,,2022,164,48,30.9,0.222,4.44,89.7,20.7,9.4,40.1,79.380686169,6.284722541,31.9,64.4,98.9,98.9,2368,2363,1992
Wilson, Bryse,,2022,79,32,15.5,0.287,5.52,90.9,11.5,7.7,43.8,80.680833316,6.94142239,17.8,60.1,92.7,92,1993,2249,1467
Burnes, Corbin,,2022,243,51,30.5,0.197,2.94,87.2,10,5.7,34.1,75.64792823,5.404000041,35.2,58.1,96.1,95.2,2611,2774,2045
Gilbert, Logan,,2022,174,49,22.7,0.242,3.20,91,14.6,7.1,45.6,80.915132121,7.054543814,24.2,63.7,96.1,96.1,2131,2231,1752
Bieber, Shane,,2022,198,36,25,0.230,2.88,89.9,10,7.2,43.1,79.516670909,6.359625491,29.7,66,91.3,89.9,2298,2395,1557
Kirby, George,,2022,133,22,24.5,0.264,3.39,89.3,11.3,8.9,38.7,78.655938191,6.146828112,21.2,67.7,95.3,94,2184,2181,1471
Detmers, Reid,,2022,122,46,22.6,0.231,3.77,89.3,16.7,8,38.6,79.42641674,5.829833352,25.3,60.1,93.2,93.2,2103,2283,1435
Strider, Spencer,,2022,202,45,38.3,0.180,2.67,88,14.1,6.1,36,77.317558633,5.436230072,34.9,60.2,98.2,98.2,2343,2388,2126
Garcia, Luis,,2022,157,47,24.4,0.222,3.72,88.4,17.1,7.8,36.3,77.928197512,5.46698963,29.1,58.2,94,90.4,2385,2553,2032
Gray, Josiah,,2022,154,66,23.7,0.239,5.02,87.4,19.7,10.7,36.9,75.597201498,5.715460483,26.9,57.8,94.4,94.4,2222,2240,2056
Bradish, Kyle,,2022,111,46,21.8,0.265,4.90,89.9,8.7,7.8,41,79.161812105,6.57371783,23.6,57.8,94.6,94.7,2292,2493,1427